"","Package","LibPath","Version","Priority","Depends","Imports","LinkingTo","Suggests","Enhances","License","License_is_FOSS","License_restricts_use","OS_type","MD5sum","NeedsCompilation","Built"
"abind","abind","C:/Users/elena/Documents/R/win-library/4.1","1.4-5",NA,"R (>= 1.5.0)","methods, utils",NA,NA,NA,"LGPL (>= 2)",NA,NA,NA,NA,"no","4.1.0"
"ALL","ALL","C:/Users/elena/Documents/R/win-library/4.1","1.34.0",NA,"R (>= 2.10), Biobase (>= 2.5.5)",NA,NA,"rpart",NA,"Artistic-2.0",NA,NA,NA,NA,"no","4.1.0"
"ash","ash","C:/Users/elena/Documents/R/win-library/4.1","1.0-15",NA,NA,NA,NA,NA,NA,"GPL (>= 2)",NA,NA,NA,NA,"yes","4.1.0"
"AsioHeaders","AsioHeaders","C:/Users/elena/Documents/R/win-library/4.1","1.16.1-1",NA,NA,NA,NA,NA,NA,"BSL-1.0",NA,NA,NA,NA,"no","4.1.0"
"askpass","askpass","C:/Users/elena/Documents/R/win-library/4.1","1.1",NA,NA,"sys (>= 2.1)",NA,"testthat",NA,"MIT + file LICENSE",NA,NA,NA,NA,"yes","4.1.0"
"assertthat","assertthat","C:/Users/elena/Documents/R/win-library/4.1","0.2.1",NA,NA,"tools",NA,"testthat, covr",NA,"GPL-3",NA,NA,NA,NA,"no","4.1.0"
"aws.s3","aws.s3","C:/Users/elena/Documents/R/win-library/4.1","0.3.21",NA,NA,"utils, tools, curl, httr, xml2 (> 1.0.0), base64enc, digest,
aws.signature (>= 0.3.7)",NA,"testthat, datasets",NA,"GPL (>= 2)",NA,NA,NA,NA,"no","4.1.0"
"aws.signature","aws.signature","C:/Users/elena/Documents/R/win-library/4.1","0.6.0",NA,NA,"digest, base64enc",NA,"testthat (>= 2.1.0), aws.ec2metadata (>= 0.1.6)",NA,"GPL (>= 2)",NA,NA,NA,NA,"no","4.1.0"
"backports","backports","C:/Users/elena/Documents/R/win-library/4.1","1.2.1",NA,"R (>= 3.0.0)",NA,NA,NA,NA,"GPL-2 | GPL-3",NA,NA,NA,NA,"yes","4.1.0"
"base64enc","base64enc","C:/Users/elena/Documents/R/win-library/4.1","0.1-3",NA,"R (>= 2.9.0)",NA,NA,NA,"png","GPL-2 | GPL-3",NA,NA,NA,NA,"yes","4.1.0"
"BH","BH","C:/Users/elena/Documents/R/win-library/4.1","1.75.0-0",NA,NA,NA,NA,NA,NA,"BSL-1.0",NA,NA,NA,NA,"no","4.1.0"
"Biobase","Biobase","C:/Users/elena/Documents/R/win-library/4.1","2.52.0",NA,"R (>= 2.10), BiocGenerics (>= 0.27.1), utils","methods",NA,"tools, tkWidgets, ALL, RUnit, golubEsets",NA,"Artistic-2.0",NA,NA,NA,NA,"yes","4.1.0"
"BiocGenerics","BiocGenerics","C:/Users/elena/Documents/R/win-library/4.1","0.38.0",NA,"R (>= 4.0.0), methods, utils, graphics, stats, parallel","methods, utils, graphics, stats, parallel",NA,"Biobase, S4Vectors, IRanges, GenomicRanges, DelayedArray,
Biostrings, Rsamtools, AnnotationDbi, affy, affyPLM, DESeq2,
flowClust, MSnbase, annotate, RUnit",NA,"Artistic-2.0",NA,NA,NA,NA,"no","4.1.0"
"BiocManager","BiocManager","C:/Users/elena/Documents/R/win-library/4.1","1.30.16",NA,NA,"utils",NA,"BiocVersion, remotes, rmarkdown, testthat, withr, curl, knitr",NA,"Artistic-2.0",NA,NA,NA,NA,"no","4.1.0"
"BiocVersion","BiocVersion","C:/Users/elena/Documents/R/win-library/4.1","3.13.1",NA,"R (>= 4.1.0)",NA,NA,NA,NA,"Artistic-2.0",NA,NA,NA,NA,"no","4.1.0"
"bit","bit","C:/Users/elena/Documents/R/win-library/4.1","4.0.4",NA,"R (>= 2.9.2)",NA,NA,"testthat (>= 0.11.0), roxygen2, knitr, rmarkdown,
microbenchmark, bit64 (>= 4.0.0), ff (>= 4.0.0)",NA,"GPL-2 | GPL-3",NA,NA,NA,NA,"yes","4.1.0"
"bit64","bit64","C:/Users/elena/Documents/R/win-library/4.1","4.0.5",NA,"R (>= 3.0.1), bit (>= 4.0.0), utils, methods, stats",NA,NA,NA,NA,"GPL-2 | GPL-3",NA,NA,NA,NA,"yes","4.1.0"
"bitops","bitops","C:/Users/elena/Documents/R/win-library/4.1","1.0-7",NA,NA,NA,NA,NA,NA,"GPL (>= 2)",NA,NA,NA,NA,"yes","4.1.0"
"blob","blob","C:/Users/elena/Documents/R/win-library/4.1","1.2.2",NA,NA,"methods, rlang, vctrs (>= 0.2.1)",NA,"covr, crayon, pillar (>= 1.2.1), testthat",NA,"MIT + file LICENSE",NA,NA,NA,NA,"no","4.1.0"
"bookdown","bookdown","C:/Users/elena/Documents/R/win-library/4.1","0.22",NA,NA,"htmltools (>= 0.3.6), knitr (>= 1.22), rmarkdown (>= 2.6),
xfun (>= 0.22), tinytex (>= 0.12), yaml (>= 2.1.19)",NA,"bslib (>= 0.2.4), downlit (>= 0.2.1), htmlwidgets, jsonlite,
rstudioapi, miniUI, rsconnect (>= 0.4.3), servr (>= 0.13),
shiny, tibble, testit (>= 0.9), tufte, xml2, webshot",NA,"GPL-3",NA,NA,NA,NA,"no","4.1.0"
"brew","brew","C:/Users/elena/Documents/R/win-library/4.1","1.0-6",NA,NA,NA,NA,NA,NA,"GPL-2",NA,NA,NA,NA,NA,"4.1.0"
"brio","brio","C:/Users/elena/Documents/R/win-library/4.1","1.1.2",NA,NA,NA,NA,"testthat (>= 2.1.0), covr",NA,"MIT + file LICENSE",NA,NA,NA,NA,"yes","4.1.0"
"broom","broom","C:/Users/elena/Documents/R/win-library/4.1","0.7.9",NA,"R (>= 3.1)","backports, dplyr (>= 1.0.0), ellipsis, generics (>= 0.0.2),
glue, methods, purrr, rlang, stringr, tibble (>= 3.0.0), tidyr
(>= 1.0.0)",NA,"AER, akima, AUC, bbmle, betareg, biglm, binGroup, boot,
btergm, car, caret, cluster, cmprsk, coda, covr, drc, e1071,
emmeans, epiR, ergm (>= 3.10.4), fixest (>= 0.9.0), gam (>=
1.15), gee, geepack, ggplot2, glmnet, glmnetUtils, gmm, Hmisc,
irlba, joineRML, Kendall, knitr, ks, Lahman, lavaan, leaps,
lfe, lm.beta, lme4, lmodel2, lmtest (>= 0.9.38), lsmeans, maps,
maptools, margins, MASS, Matrix, mclust, mediation, metafor,
mfx, mgcv, mlogit, modeldata, modeltests, muhaz, multcomp,
network, nnet, orcutt (>= 2.2), ordinal, plm, poLCA, psych,
quantreg, rgeos, rmarkdown, robust, robustbase, rsample,
sandwich, sp, spdep (>= 1.1), spatialreg, speedglm, spelling,
survey, survival, systemfit, testthat (>= 2.1.0), tseries,
vars, zoo",NA,"MIT + file LICENSE",NA,NA,NA,NA,"no","4.1.0"
"bslib","bslib","C:/Users/elena/Documents/R/win-library/4.1","0.2.5.1",NA,"R (>= 2.10)","grDevices, htmltools (>= 0.5.1), jsonlite, sass (>= 0.4.0),
jquerylib (>= 0.1.3), rlang, magrittr",NA,"shiny (>= 1.6.0), rmarkdown (>= 2.7), thematic, knitr,
testthat, withr, rappdirs, curl",NA,"MIT + file LICENSE",NA,NA,NA,NA,"no","4.1.0"
"cachem","cachem","C:/Users/elena/Documents/R/win-library/4.1","1.0.5",NA,NA,"rlang, fastmap",NA,"testthat",NA,"MIT + file LICENSE",NA,NA,NA,NA,"yes","4.1.0"
"callr","callr","C:/Users/elena/Documents/R/win-library/4.1","3.7.0",NA,NA,"processx (>= 3.5.0), R6, utils",NA,"cli, covr, ps, rprojroot, spelling, testthat, withr (>=
2.3.0)",NA,"MIT + file LICENSE",NA,NA,NA,NA,"no","4.1.0"
"car","car","C:/Users/elena/Documents/R/win-library/4.1","3.0-11",NA,"R (>= 3.5.0), carData (>= 3.0-0)","abind, MASS, mgcv, nnet, pbkrtest (>= 0.4-4), quantreg,
grDevices, utils, stats, graphics, maptools, rio, lme4 (>=
1.1-27.1), nlme",NA,"alr4, boot, coxme, effects, knitr, leaps, lmtest, Matrix,
MatrixModels, rgl (>= 0.93.960), sandwich, SparseM, survival,
survey",NA,"GPL (>= 2)",NA,NA,NA,NA,"no","4.1.0"
"carData","carData","C:/Users/elena/Documents/R/win-library/4.1","3.0-4",NA,"R (>= 3.5.0)",NA,NA,NA,NA,"GPL (>= 2)",NA,NA,NA,NA,"no","4.1.0"
"caTools","caTools","C:/Users/elena/Documents/R/win-library/4.1","1.18.2",NA,"R (>= 3.6.0)","bitops",NA,"MASS, rpart",NA,"GPL-3",NA,NA,NA,NA,"yes","4.1.0"
"cellranger","cellranger","C:/Users/elena/Documents/R/win-library/4.1","1.1.0",NA,"R (>= 3.0.0)","rematch, tibble",NA,"covr, testthat (>= 1.0.0), knitr, rmarkdown",NA,"MIT + file LICENSE",NA,NA,NA,NA,"no","4.1.0"
"cli","cli","C:/Users/elena/Documents/R/win-library/4.1","3.0.1",NA,"R (>= 2.10)","glue, utils",NA,"callr, covr, grDevices, htmlwidgets, knitr, methods, mockery,
prettycode (>= 1.1.0), processx, ps (>= 1.3.4.9000), rlang,
rmarkdown, rstudioapi, shiny, testthat, tibble, withr",NA,"MIT + file LICENSE",NA,NA,NA,NA,"yes","4.1.0"
"clipr","clipr","C:/Users/elena/Documents/R/win-library/4.1","0.7.1",NA,NA,"utils",NA,"covr, knitr, rmarkdown, rstudioapi (>= 0.5), testthat (>=
2.0.0)",NA,"GPL-3",NA,NA,NA,NA,"no","4.1.0"
"clue","clue","C:/Users/elena/Documents/R/win-library/4.1","0.3-59",NA,"R (>= 3.2.0)","stats, cluster, graphics, methods",NA,"e1071, lpSolve (>= 5.5.7), quadprog (>= 1.4-8), relations","RWeka, ape, cba, cclust, flexclust, flexmix, kernlab, mclust,
movMF, modeltools","GPL-2",NA,NA,NA,NA,"yes","4.1.0"
"colorRamps","colorRamps","C:/Users/elena/Documents/R/win-library/4.1","2.3",NA,NA,NA,NA,NA,NA,"GPL",NA,NA,NA,NA,NA,"4.1.0"
"colorspace","colorspace","C:/Users/elena/Documents/R/win-library/4.1","2.0-2",NA,"R (>= 3.0.0), methods","graphics, grDevices, stats",NA,"datasets, utils, KernSmooth, MASS, kernlab, mvtnorm, vcd,
tcltk, shiny, shinyjs, ggplot2, dplyr, scales, grid, png, jpeg,
knitr, rmarkdown, RColorBrewer, rcartocolor, scico, viridis,
wesanderson",NA,"BSD_3_clause + file LICENSE",NA,NA,NA,NA,"yes","4.1.0"
"commonmark","commonmark","C:/Users/elena/Documents/R/win-library/4.1","1.7",NA,NA,NA,NA,"curl, testthat, xml2",NA,"BSD_2_clause + file LICENSE",NA,NA,NA,NA,"yes","4.1.0"
"conquer","conquer","C:/Users/elena/Documents/R/win-library/4.1","1.0.2",NA,"R (>= 3.5.0)","Rcpp (>= 1.0.3), Matrix, matrixStats, stats","Rcpp, RcppArmadillo (>= 0.9.850.1.0)",NA,NA,"GPL-3",NA,NA,NA,NA,"yes","4.1.0"
"ConsensusClusterPlus","ConsensusClusterPlus","C:/Users/elena/Documents/R/win-library/4.1","1.56.0",NA,NA,"Biobase, ALL, graphics, stats, utils, cluster",NA,NA,NA,"GPL version 2",NA,NA,NA,NA,"no","4.1.0"
"corpcor","corpcor","C:/Users/elena/Documents/R/win-library/4.1","1.6.9",NA,"R (>= 3.0.2)","stats",NA,"",NA,"GPL (>= 3)",NA,NA,NA,NA,"no","4.1.0"
"corrplot","corrplot","C:/Users/elena/Documents/R/win-library/4.1","0.90",NA,NA,NA,NA,"seriation, knitr, RColorBrewer, rmarkdown, magrittr,
prettydoc, testthat",NA,"MIT + file LICENSE",NA,NA,NA,NA,"no","4.1.0"
"cowplot","cowplot","C:/Users/elena/Documents/R/win-library/4.1","1.1.1",NA,"R (>= 3.5.0)","ggplot2 (> 2.2.1), grid, gtable, grDevices, methods, rlang,
scales",NA,"Cairo, covr, dplyr, forcats, gridGraphics (>= 0.4-0), knitr,
lattice, magick, maps, PASWR, patchwork, rmarkdown, ragg,
testthat (>= 1.0.0), tidyr, vdiffr (>= 0.3.0), VennDiagram",NA,"GPL-2",NA,NA,NA,NA,"no","4.1.0"
"cpp11","cpp11","C:/Users/elena/Documents/R/win-library/4.1","0.3.1",NA,NA,NA,NA,"bench, brio, callr, cli, covr, decor, desc, ggplot2, glue,
knitr, lobstr, mockery, progress, rmarkdown, scales, Rcpp,
testthat, tibble, utils, vctrs, withr",NA,"MIT + file LICENSE",NA,NA,NA,NA,"no","4.1.0"
"crayon","crayon","C:/Users/elena/Documents/R/win-library/4.1","1.4.1",NA,NA,"grDevices, methods, utils",NA,"mockery, rstudioapi, testthat, withr",NA,"MIT + file LICENSE",NA,NA,NA,NA,"no","4.1.0"
"crosstalk","crosstalk","C:/Users/elena/Documents/R/win-library/4.1","1.1.1",NA,NA,"htmltools (>= 0.3.6), jsonlite, lazyeval, R6",NA,"shiny, ggplot2, testthat (>= 2.1.0)",NA,"MIT + file LICENSE",NA,NA,NA,NA,"no","4.1.0"
"curl","curl","C:/Users/elena/Documents/R/win-library/4.1","4.3.2",NA,"R (>= 3.0.0)",NA,NA,"spelling, testthat (>= 1.0.0), knitr, jsonlite, rmarkdown,
magrittr, httpuv (>= 1.4.4), webutils",NA,"MIT + file LICENSE",NA,NA,NA,NA,"yes","4.1.0"
"cytolib","cytolib","C:/Users/elena/Documents/R/win-library/4.1","2.4.0",NA,"R (>= 3.4)","RcppParallel, RProtoBufLib","Rcpp, BH(>= 1.75.0.0), RProtoBufLib(>= 2.3.5),Rhdf5lib,
RcppArmadillo, RcppParallel(>= 4.4.2-1)","knitr",NA,"file LICENSE",NA,"yes",NA,NA,"yes","4.1.0"
"CytoML","CytoML","C:/Users/elena/Documents/R/win-library/4.1","2.4.0",NA,"R (>= 3.5.0)","cytolib(>= 2.3.9), flowCore (>= 1.99.10), flowWorkspace (>=
4.1.8), openCyto (>= 1.99.2), XML, data.table, jsonlite, RBGL,
Rgraphviz, Biobase, methods, graph, graphics, utils, base64enc,
plyr, dplyr, grDevices, methods, ggcyto (>= 1.11.4), yaml,
lattice, stats, corpcor, RUnit, tibble, RcppParallel, xml2","Rcpp, BH(>= 1.62.0-1), RProtoBufLib, cytolib, Rhdf5lib,
RcppArmadillo, RcppParallel(>= 4.4.2-1), flowWorkspace","testthat, flowWorkspaceData , knitr, parallel",NA,"file LICENSE",NA,"yes",NA,NA,"yes","4.1.0"
"data.table","data.table","C:/Users/elena/Documents/R/win-library/4.1","1.14.0",NA,"R (>= 3.1.0)","methods",NA,"bit64 (>= 4.0.0), bit (>= 4.0.4), curl, R.utils, xts,
nanotime, zoo (>= 1.8-1), yaml, knitr, rmarkdown",NA,"MPL-2.0 | file LICENSE",NA,NA,NA,NA,"yes","4.1.0"
"DBI","DBI","C:/Users/elena/Documents/R/win-library/4.1","1.1.1",NA,"methods, R (>= 3.0.0)",NA,NA,"blob, covr, dbplyr, dplyr, glue, hms, knitr, magrittr,
rmarkdown, rprojroot, RMariaDB, RSQLite (>= 1.1-2), testthat,
xml2",NA,"LGPL (>= 2.1)",NA,NA,NA,NA,"no","4.1.0"
"dbplyr","dbplyr","C:/Users/elena/Documents/R/win-library/4.1","2.1.1",NA,"R (>= 3.1)","assertthat (>= 0.2.0), blob (>= 1.2.0), DBI (>= 1.0.0), dplyr
(>= 1.0.4), ellipsis, glue (>= 1.2.0), lifecycle (>= 1.0.0),
magrittr, methods, purrr (>= 0.2.5), R6 (>= 2.2.2), rlang (>=
0.2.0), tibble (>= 1.4.2), tidyselect (>= 0.2.4), utils, vctrs,
withr",NA,"bit64, covr, knitr, Lahman, nycflights13, odbc, RMariaDB (>=
1.0.2), rmarkdown, RPostgres (>= 1.1.3), RPostgreSQL, RSQLite
(>= 2.1.0), testthat (>= 3.0.2), tidyr",NA,"MIT + file LICENSE",NA,NA,NA,NA,"no","4.1.0"
"DelayedArray","DelayedArray","C:/Users/elena/Documents/R/win-library/4.1","0.18.0",NA,"R (>= 4.0.0), methods, stats4, Matrix, BiocGenerics (>=
0.37.0), MatrixGenerics (>= 1.1.3), S4Vectors (>= 0.27.2),
IRanges (>= 2.17.3)","stats","S4Vectors","BiocParallel, HDF5Array (>= 1.17.12), genefilter,
SummarizedExperiment, airway, lobstr, DelayedMatrixStats,
knitr, rmarkdown, BiocStyle, RUnit",NA,"Artistic-2.0",NA,NA,NA,NA,"yes","4.1.0"
"deldir","deldir","C:/Users/elena/Documents/R/win-library/4.1","0.2-10",NA,"R (>= 3.5.0)","graphics, grDevices",NA,"polyclip",NA,"GPL (>= 2)",NA,NA,NA,NA,"yes","4.1.0"
"DEoptimR","DEoptimR","C:/Users/elena/Documents/R/win-library/4.1","1.0-9",NA,NA,"stats",NA,NA,"robustbase","GPL (>= 2)",NA,NA,NA,NA,"no","4.1.0"
"desc","desc","C:/Users/elena/Documents/R/win-library/4.1","1.3.0",NA,"R (>= 3.1.0)","utils, R6, crayon, rprojroot",NA,"covr, testthat, whoami, withr, spelling, gh",NA,"MIT + file LICENSE",NA,NA,NA,NA,"no","4.1.0"
"devtools","devtools","C:/Users/elena/Documents/R/win-library/4.1","2.4.2",NA,"R (>= 3.0.2), usethis (>= 2.0.1)","callr (>= 3.6.0), cli (>= 2.4.0), desc (>= 1.3.0), ellipsis
(>= 0.3.1), fs (>= 1.5.0), httr (>= 1.4.2), lifecycle (>=
1.0.0), memoise (>= 2.0.0), pkgbuild (>= 1.2.0), pkgload (>=
1.2.1), rcmdcheck (>= 1.3.3), remotes (>= 2.3.0), rlang (>=
0.4.10), roxygen2 (>= 7.1.1), rstudioapi (>= 0.13), rversions
(>= 2.0.2), sessioninfo (>= 1.1.1), stats, testthat (>= 3.0.2),
tools, utils, withr (>= 2.4.1)",NA,"BiocManager (>= 1.30.12), covr (>= 3.5.1), curl (>= 4.3),
digest (>= 0.6.27), DT (>= 0.17), foghorn (>= 1.3.2), gh (>=
1.2.1), gmailr (>= 1.0.0), knitr (>= 1.31), lintr (>= 2.0.1),
MASS, mockery (>= 0.4.2), pingr (>= 2.0.1), pkgdown (>= 1.6.1),
rhub (>= 1.1.1), rmarkdown (>= 2.7), spelling (>= 2.2)",NA,"MIT + file LICENSE",NA,NA,NA,NA,"no","4.1.0"
"diffobj","diffobj","C:/Users/elena/Documents/R/win-library/4.1","0.3.4",NA,"R (>= 3.1.0)","crayon (>= 1.3.2), tools, methods, utils, stats",NA,"knitr, rmarkdown",NA,"GPL (>= 2)",NA,NA,NA,NA,"yes","4.1.0"
"digest","digest","C:/Users/elena/Documents/R/win-library/4.1","0.6.27",NA,"R (>= 3.3.0)","utils",NA,"tinytest, knitr, rmarkdown, minidown",NA,"GPL (>= 2)",NA,NA,NA,NA,"yes","4.1.0"
"downlit","downlit","C:/Users/elena/Documents/R/win-library/4.1","0.2.1",NA,"R (>= 3.2.0)","brio, digest, evaluate, fansi, rlang, vctrs, yaml",NA,"rmarkdown, jsonlite, MASS, testthat (>= 3.0.0), covr,
pkgload, xml2",NA,"MIT + file LICENSE",NA,NA,NA,NA,"no","4.1.0"
"dplyr","dplyr","C:/Users/elena/Documents/R/win-library/4.1","1.0.7",NA,"R (>= 3.3.0)","ellipsis, generics, glue (>= 1.3.2), lifecycle (>= 1.0.0),
magrittr (>= 1.5), methods, R6, rlang (>= 0.4.10), tibble (>=
2.1.3), tidyselect (>= 1.1.0), utils, vctrs (>= 0.3.5), pillar
(>= 1.5.1)",NA,"bench, broom, callr, covr, DBI, dbplyr (>= 1.4.3), knitr,
Lahman, lobstr, microbenchmark, nycflights13, purrr, rmarkdown,
RMySQL, RPostgreSQL, RSQLite, testthat (>= 3.0.2), tidyr, withr",NA,"MIT + file LICENSE",NA,NA,NA,NA,"yes","4.1.0"
"dqrng","dqrng","C:/Users/elena/Documents/R/win-library/4.1","0.3.0",NA,"R (>= 3.1.0)","Rcpp (>= 0.12.16)","Rcpp, BH (>= 1.64.0-1), sitmo (>= 2.0.0)","testthat, knitr, rmarkdown",NA,"AGPL-3 | file LICENSE",NA,NA,NA,NA,"yes","4.1.0"
"dtplyr","dtplyr","C:/Users/elena/Documents/R/win-library/4.1","1.1.0",NA,"R (>= 3.3)","crayon, data.table (>= 1.12.4), dplyr (>= 1.0.3), ellipsis,
glue, lifecycle, rlang, tibble, tidyselect, vctrs",NA,"bench, covr, knitr, rmarkdown, testthat (>= 3.0.0), tidyr (>=
1.1.0)",NA,"MIT + file LICENSE",NA,NA,NA,NA,"no","4.1.0"
"ellipse","ellipse","C:/Users/elena/Documents/R/win-library/4.1","0.4.2",NA,"R (>= 2.0.0),graphics,stats",NA,NA,"MASS",NA,"GPL (>= 2)",NA,NA,NA,NA,"no","4.1.0"
"ellipsis","ellipsis","C:/Users/elena/Documents/R/win-library/4.1","0.3.2",NA,"R (>= 3.2)","rlang (>= 0.3.0)",NA,"covr, testthat",NA,"MIT + file LICENSE",NA,NA,NA,NA,"yes","4.1.0"
"eps","eps","C:/Users/elena/Documents/R/win-library/4.1","0.1.1",NA,"R (>= 3.5.0)","tidyverse, readxl, here",NA,"knitr, rmarkdown",NA,"GPL-3",NA,NA,NA,NA,"no","4.1.0"
"evaluate","evaluate","C:/Users/elena/Documents/R/win-library/4.1","0.14",NA,"R (>= 3.0.2)","methods",NA,"testthat, lattice, ggplot2",NA,"MIT + file LICENSE",NA,NA,NA,NA,"no","4.1.0"
"fansi","fansi","C:/Users/elena/Documents/R/win-library/4.1","0.5.0",NA,"R (>= 3.1.0)","grDevices, utils",NA,"unitizer, knitr, rmarkdown",NA,"GPL (>= 2)",NA,NA,NA,NA,"yes","4.1.0"
"farver","farver","C:/Users/elena/Documents/R/win-library/4.1","2.1.0",NA,NA,NA,NA,"testthat (>= 2.1.0), covr",NA,"MIT + file LICENSE",NA,NA,NA,NA,"yes","4.1.0"
"fastmap","fastmap","C:/Users/elena/Documents/R/win-library/4.1","1.1.0",NA,NA,NA,NA,"testthat (>= 2.1.1)",NA,"MIT + file LICENSE",NA,NA,NA,NA,"yes","4.1.0"
"fda","fda","C:/Users/elena/Documents/R/win-library/4.1","5.1.9",NA,"R (>= 3.5), splines, Matrix, fds",NA,NA,"deSolve, lattice",NA,"GPL (>= 2)",NA,NA,NA,NA,"no","4.1.0"
"fds","fds","C:/Users/elena/Documents/R/win-library/4.1","1.8",NA,"R (>= 3.4.0), rainbow, RCurl",NA,NA,NA,NA,"GPL (>= 2)",NA,NA,NA,NA,"no","4.1.0"
"fitdistrplus","fitdistrplus","C:/Users/elena/Documents/R/win-library/4.1","1.1-5",NA,"R (>= 3.2.0), MASS, grDevices, survival, methods","stats",NA,"actuar, rgenoud, mc2d, gamlss.dist, knitr, ggplot2,
GeneralizedHyperbolic, rmarkdown, Hmisc",NA,"GPL (>= 2)",NA,NA,NA,NA,"no","4.1.0"
"flowClust","flowClust","C:/Users/elena/Documents/R/win-library/4.1","3.30.0",NA,"R(>= 2.5.0)","BiocGenerics, methods, Biobase, graph, ellipse, flowViz,
flowCore, clue, corpcor, mnormt, parallel",NA,"testthat, flowWorkspace, flowWorkspaceData, knitr, rmarkdown,
openCyto",NA,"Artistic-2.0",NA,NA,NA,NA,"yes","4.1.0"
"flowCore","flowCore","C:/Users/elena/Documents/R/win-library/4.1","2.4.0",NA,"R (>= 3.5.0)","Biobase, BiocGenerics (>= 0.29.2), grDevices, graphics,
methods, stats, utils, stats4, Rcpp, matrixStats, cytolib (>=
2.3.4), S4Vectors","Rcpp, RcppArmadillo, BH(>= 1.65.0.1), cytolib, RProtoBufLib","Rgraphviz, flowViz, flowStats (>= 3.43.4), testthat,
flowWorkspace, flowWorkspaceData, openCyto, knitr, ggcyto,
gridExtra",NA,"Artistic-2.0",NA,NA,NA,NA,"yes","4.1.0"
"FlowSOM","FlowSOM","C:/Users/elena/Documents/R/win-library/4.1","2.0.0",NA,"R (>= 4.0), igraph","stats, utils, BiocGenerics, colorRamps, ConsensusClusterPlus,
CytoML, dplyr, flowCore, flowWorkspace, ggforce, ggnewscale,
ggplot2, ggpointdensity, ggpubr, ggrepel, grDevices, magrittr,
methods, pheatmap, RColorBrewer, rlang, Rtsne, tidyr, XML,
scattermore",NA,"BiocStyle, testthat",NA,"GPL (>= 2)",NA,NA,NA,NA,"yes","4.1.0"
"flowStats","flowStats","C:/Users/elena/Documents/R/win-library/4.1","4.4.0",NA,"R (>= 3.0.2)","BiocGenerics, MASS, flowCore (>= 1.99.6), flowWorkspace,
ncdfFlow(>= 2.19.5), flowViz, fda (>= 2.2.6), Biobase, methods,
grDevices, graphics, stats, cluster, utils, KernSmooth,
lattice, ks, RColorBrewer, rrcov",NA,"xtable, testthat, openCyto","RBGL,graph","Artistic-2.0",NA,NA,NA,NA,"no","4.1.0"
"flowViz","flowViz","C:/Users/elena/Documents/R/win-library/4.1","1.56.0",NA,"R (>= 2.7.0), flowCore(>= 1.41.9), lattice","stats4, Biobase, flowCore, graphics, grDevices, grid,
KernSmooth, lattice, latticeExtra, MASS, methods, RColorBrewer,
stats, utils, hexbin,IDPmisc",NA,"colorspace, flowStats, knitr, testthat",NA,"Artistic-2.0",NA,NA,NA,NA,"no","4.1.0"
"flowWorkspace","flowWorkspace","C:/Users/elena/Documents/R/win-library/4.1","4.4.0",NA,"R (>= 3.5.0)","Biobase, BiocGenerics, cytolib (>= 2.3.9), lattice,
latticeExtra, XML, ggplot2, graph, graphics, grDevices,
methods, stats, stats4, utils, RBGL, tools, Rgraphviz,
data.table, dplyr, Rcpp, scales, matrixStats, RcppParallel,
RProtoBufLib, digest, aws.s3, aws.signature, flowCore(>=
2.1.1), ncdfFlow(>= 2.25.4), DelayedArray, S4Vectors","Rcpp, BH(>= 1.62.0-1), RProtoBufLib(>= 1.99.4), cytolib (>=
2.3.7),Rhdf5lib, RcppArmadillo, RcppParallel(>= 4.4.2-1)","testthat, flowWorkspaceData (>= 2.23.2), knitr, ggcyto,
parallel, CytoML, openCyto",NA,"file LICENSE",NA,"yes",NA,NA,"yes","4.1.0"
"FNN","FNN","C:/Users/elena/Documents/R/win-library/4.1","1.1.3",NA,"R (>= 3.0.0)",NA,NA,"chemometrics, mvtnorm",NA,"GPL (>= 2)",NA,NA,NA,NA,"yes","4.1.0"
"forcats","forcats","C:/Users/elena/Documents/R/win-library/4.1","0.5.1",NA,"R (>= 3.2)","ellipsis, magrittr, rlang, tibble",NA,"covr, dplyr, ggplot2, knitr, readr, rmarkdown, testthat",NA,"MIT + file LICENSE",NA,NA,NA,NA,"no","4.1.0"
"fs","fs","C:/Users/elena/Documents/R/win-library/4.1","1.5.0",NA,"R (>= 3.1)","methods",NA,"testthat, covr, pillar (>= 1.0.0), tibble (>= 1.1.0), crayon,
rmarkdown, knitr, withr, spelling, vctrs (>= 0.3.0)",NA,"GPL-3",NA,NA,NA,NA,"yes","4.1.0"
"future","future","C:/Users/elena/Documents/R/win-library/4.1","1.21.0",NA,NA,"digest, globals (>= 0.13.1), listenv (>= 0.8.0), parallel,
parallelly (>= 1.21.0), tools, utils",NA,"RhpcBLASctl, R.rsp, markdown",NA,"LGPL (>= 2.1)",NA,NA,NA,NA,"no","4.1.0"
"future.apply","future.apply","C:/Users/elena/Documents/R/win-library/4.1","1.7.0",NA,"R (>= 3.2.0), future (>= 1.17.0)","globals (>= 0.12.5), parallel, utils",NA,"datasets, stats, tools, listenv (>= 0.8.0), R.rsp, markdown",NA,"GPL (>= 2)",NA,NA,NA,NA,"no","4.1.0"
"gargle","gargle","C:/Users/elena/Documents/R/win-library/4.1","1.2.0",NA,"R (>= 3.3)","cli (>= 3.0.0), fs (>= 1.3.1), glue (>= 1.3.0), httr (>=
1.4.0), jsonlite, rappdirs, rlang (>= 0.4.9), rstudioapi,
stats, utils, withr",NA,"aws.ec2metadata, aws.signature, covr, httpuv, knitr, mockr,
rmarkdown, sodium, spelling, testthat (>= 3.0.0)",NA,"MIT + file LICENSE",NA,NA,NA,NA,"no","4.1.0"
"generics","generics","C:/Users/elena/Documents/R/win-library/4.1","0.1.0",NA,"R (>= 3.1)","methods",NA,"covr, pkgload, testthat, tibble",NA,"MIT + file LICENSE",NA,NA,NA,NA,"no","4.1.0"
"gert","gert","C:/Users/elena/Documents/R/win-library/4.1","1.3.1",NA,NA,"askpass, credentials (>= 1.2.1), openssl (>= 1.4.1),
rstudioapi (>= 0.11), sys, zip (>= 2.1.0)",NA,"spelling, knitr, rmarkdown, testthat",NA,"MIT + file LICENSE",NA,NA,NA,NA,"yes","4.1.0"
"ggcyto","ggcyto","C:/Users/elena/Documents/R/win-library/4.1","1.20.0",NA,"methods, ggplot2(>= 3.3.0), flowCore(>= 1.41.5), ncdfFlow(>=
2.17.1), flowWorkspace(>= 3.33.1)","plyr, scales, hexbin, data.table, RColorBrewer, gridExtra,
rlang",NA,"testthat, flowWorkspaceData, knitr, rmarkdown, flowStats,
openCyto, flowViz, ggridges, vdiffr",NA,"Artistic-2.0",NA,NA,NA,NA,"no","4.1.0"
"ggforce","ggforce","C:/Users/elena/Documents/R/win-library/4.1","0.3.3",NA,"ggplot2 (>= 3.0.0), R (>= 3.3.0)","Rcpp (>= 0.12.2), grid, scales, MASS, tweenr (>= 0.1.5),
gtable, rlang, polyclip, stats, grDevices, tidyselect, withr,
utils","Rcpp, RcppEigen","sessioninfo, concaveman, deldir, reshape2, units (>= 0.4-6),
covr",NA,"MIT + file LICENSE",NA,NA,NA,NA,"yes","4.1.0"
"ggnewscale","ggnewscale","C:/Users/elena/Documents/R/win-library/4.1","0.4.5",NA,NA,"ggplot2 (>= 3.0.0)",NA,"testthat, vdiffr, covr",NA,"GPL-3",NA,NA,NA,NA,"no","4.1.0"
"ggplot2","ggplot2","C:/Users/elena/Documents/R/win-library/4.1","3.3.5",NA,"R (>= 3.3)","digest, glue, grDevices, grid, gtable (>= 0.1.1), isoband,
MASS, mgcv, rlang (>= 0.4.10), scales (>= 0.5.0), stats,
tibble, withr (>= 2.0.0)",NA,"covr, ragg, dplyr, ggplot2movies, hexbin, Hmisc, interp,
knitr, lattice, mapproj, maps, maptools, multcomp, munsell,
nlme, profvis, quantreg, RColorBrewer, rgeos, rmarkdown, rpart,
sf (>= 0.7-3), svglite (>= 1.2.0.9001), testthat (>= 2.1.0),
vdiffr (>= 1.0.0), xml2","sp","MIT + file LICENSE",NA,NA,NA,NA,"no","4.1.0"
"ggpointdensity","ggpointdensity","C:/Users/elena/Documents/R/win-library/4.1","0.1.0",NA,"R (>= 3.2)","ggplot2",NA,"viridis, dplyr",NA,"GPL-3 | file LICENSE",NA,NA,NA,NA,"yes","4.1.0"
"ggpubr","ggpubr","C:/Users/elena/Documents/R/win-library/4.1","0.4.0",NA,"R (>= 3.1.0), ggplot2","ggrepel, grid, ggsci, stats, utils, tidyr, purrr, dplyr (>=
0.7.1), cowplot, ggsignif, scales, gridExtra, glue, polynom,
rlang, rstatix (>= 0.6.0), tibble, magrittr",NA,"grDevices, knitr, RColorBrewer, gtable",NA,"GPL-2",NA,NA,NA,NA,"no","4.1.0"
"ggrepel","ggrepel","C:/Users/elena/Documents/R/win-library/4.1","0.9.1",NA,"R (>= 3.0.0), ggplot2 (>= 2.2.0)","grid, Rcpp, rlang (>= 0.3.0), scales (>= 0.5.0)","Rcpp","knitr, rmarkdown, testthat, gridExtra, devtools, prettydoc,
ggbeeswarm, dplyr, magrittr, readr, stringr",NA,"GPL-3 | file LICENSE",NA,NA,NA,NA,"yes","4.1.0"
"ggridges","ggridges","C:/Users/elena/Documents/R/win-library/4.1","0.5.3",NA,"R (>= 3.2)","ggplot2 (>= 3.0.0), grid (>= 3.0.0), plyr (>= 1.8.0), scales
(>= 0.4.1), withr (>= 2.1.1)",NA,"covr, dplyr, patchwork, ggplot2movies, forcats, knitr,
rmarkdown, testthat, vdiffr",NA,"GPL-2 | file LICENSE",NA,NA,NA,NA,"no","4.1.0"
"ggsci","ggsci","C:/Users/elena/Documents/R/win-library/4.1","2.9",NA,"R (>= 3.0.2)","grDevices, scales, ggplot2 (>= 2.0.0)",NA,"knitr, rmarkdown, gridExtra, reshape2",NA,"GPL-3 | file LICENSE",NA,NA,NA,NA,"no","4.1.0"
"ggsignif","ggsignif","C:/Users/elena/Documents/R/win-library/4.1","0.6.2",NA,NA,"ggplot2 (>= 3.3.3)",NA,"knitr, rmarkdown, spelling, testthat, vdiffr (>= 1.0.0)",NA,"GPL-3 | file LICENSE",NA,NA,NA,NA,"no","4.1.0"
"ggthemes","ggthemes","C:/Users/elena/Documents/R/win-library/4.1","4.2.4",NA,"R (>= 3.3.0)","ggplot2 (>= 3.0.0), graphics, grid, methods, purrr, scales,
stringr, tibble",NA,"dplyr, covr, extrafont, glue, knitr, lattice, lintr, maps,
mapproj, pander, rlang, rmarkdown, spelling, testthat, tidyr,
vdiffr, withr",NA,"GPL-2",NA,NA,NA,NA,"no","4.1.0"
"gh","gh","C:/Users/elena/Documents/R/win-library/4.1","1.3.0",NA,NA,"cli (>= 2.0.1), gitcreds, httr (>= 1.2), ini, jsonlite",NA,"covr, knitr, mockery, rmarkdown, rprojroot, spelling,
testthat (>= 2.3.2), withr",NA,"MIT + file LICENSE",NA,NA,NA,NA,"no","4.1.0"
"gitcreds","gitcreds","C:/Users/elena/Documents/R/win-library/4.1","0.1.1",NA,NA,NA,NA,"codetools, testthat, knitr, mockery, oskeyring, rmarkdown,
withr",NA,"MIT + file LICENSE",NA,NA,NA,NA,"no","4.1.0"
"globals","globals","C:/Users/elena/Documents/R/win-library/4.1","0.14.0",NA,"R (>= 3.1.2)","codetools",NA,NA,NA,"LGPL (>= 2.1)",NA,NA,NA,NA,"no","4.1.0"
"glue","glue","C:/Users/elena/Documents/R/win-library/4.1","1.4.2",NA,"R (>= 3.2)","methods",NA,"testthat, covr, magrittr, crayon, knitr, rmarkdown, DBI,
RSQLite, R.utils, forcats, microbenchmark, rprintf, stringr,
ggplot2, dplyr, withr, vctrs (>= 0.3.0)",NA,"MIT + file LICENSE",NA,NA,NA,NA,"yes","4.1.0"
"goftest","goftest","C:/Users/elena/Documents/R/win-library/4.1","1.2-2",NA,"R (>= 3.3)","stats",NA,NA,NA,"GPL (>= 2)",NA,NA,NA,NA,"yes","4.1.0"
"googledrive","googledrive","C:/Users/elena/Documents/R/win-library/4.1","2.0.0",NA,"R (>= 3.3)","cli (>= 3.0.0), gargle (>= 1.2.0), glue (>= 1.4.2), httr,
jsonlite, lifecycle, magrittr, pillar, purrr (>= 0.2.3), rlang
(>= 0.4.9), tibble (>= 2.0.0), utils, uuid, vctrs (>= 0.3.0),
withr",NA,"covr, curl, downlit, dplyr (>= 1.0.0), knitr, mockr,
rmarkdown, roxygen2, sodium, spelling, testthat (>= 3.0.0)",NA,"MIT + file LICENSE",NA,NA,NA,NA,"no","4.1.0"
"googlesheets4","googlesheets4","C:/Users/elena/Documents/R/win-library/4.1","1.0.0",NA,"R (>= 3.3)","cellranger, cli (>= 3.0.0), curl, gargle (>= 1.2.0), glue (>=
1.3.0), googledrive (>= 2.0.0), httr, ids, magrittr, methods,
purrr, rematch2, rlang (>= 0.4.11), tibble (>= 2.1.1), utils,
vctrs (>= 0.2.3)",NA,"covr, readr, rmarkdown, sodium, spelling, testthat (>=
3.0.0), withr",NA,"MIT + file LICENSE",NA,NA,NA,NA,"no","4.1.0"
"gplots","gplots","C:/Users/elena/Documents/R/win-library/4.1","3.1.1",NA,"R (>= 3.0)","gtools, stats, caTools, KernSmooth",NA,"grid, MASS, knitr",NA,"GPL-2",NA,NA,NA,NA,"no","4.1.0"
"graph","graph","C:/Users/elena/Documents/R/win-library/4.1","1.70.0",NA,"R (>= 2.10), methods, BiocGenerics (>= 0.13.11)","stats, stats4, utils",NA,"SparseM (>= 0.36), XML, RBGL, RUnit, cluster","Rgraphviz","Artistic-2.0",NA,NA,NA,NA,"yes","4.1.0"
"gridExtra","gridExtra","C:/Users/elena/Documents/R/win-library/4.1","2.3",NA,NA,"gtable, grid, grDevices, graphics, utils",NA,"ggplot2, egg, lattice, knitr, testthat",NA,"GPL (>= 2)",NA,NA,NA,NA,"no","4.1.0"
"gtable","gtable","C:/Users/elena/Documents/R/win-library/4.1","0.3.0",NA,"R (>= 3.0)","grid",NA,"covr, testthat, knitr, rmarkdown, ggplot2, profvis",NA,"GPL-2",NA,NA,NA,NA,"no","4.1.0"
"gtools","gtools","C:/Users/elena/Documents/R/win-library/4.1","3.9.2",NA,"methods, stats, utils",NA,NA,"car, gplots, knitr, rstudioapi, SGP, taxize",NA,"GPL-2",NA,NA,NA,NA,"yes","4.1.0"
"haven","haven","C:/Users/elena/Documents/R/win-library/4.1","2.4.1",NA,"R (>= 3.2)","forcats (>= 0.2.0), hms, methods, readr (>= 0.1.0), rlang (>=
0.4.0), tibble, tidyselect, vctrs (>= 0.3.0)","cpp11","cli, covr, crayon, fs, knitr, pillar (>= 1.4.0), rmarkdown,
testthat (>= 3.0.0)",NA,"MIT + file LICENSE",NA,NA,NA,NA,"yes","4.1.0"
"hdrcde","hdrcde","C:/Users/elena/Documents/R/win-library/4.1","3.4",NA,"R (>= 2.15)","locfit, ash, ks, KernSmooth, ggplot2, RColorBrewer",NA,NA,NA,"GPL-3",NA,NA,NA,NA,"yes","4.1.0"
"here","here","C:/Users/elena/Documents/R/win-library/4.1","1.0.1",NA,NA,"rprojroot (>= 2.0.2)",NA,"conflicted, covr, fs, knitr, palmerpenguins, plyr, readr,
rlang, rmarkdown, testthat, uuid, withr",NA,"MIT + file LICENSE",NA,NA,NA,NA,"no","4.1.0"
"hexbin","hexbin","C:/Users/elena/Documents/R/win-library/4.1","1.28.2",NA,"R (>= 2.0.1), methods","lattice, grid, graphics, grDevices, stats, utils",NA,"marray, affy, Biobase, limma, knitr",NA,"GPL-2",NA,NA,NA,NA,"yes","4.1.0"
"highr","highr","C:/Users/elena/Documents/R/win-library/4.1","0.9",NA,"R (>= 3.2.3)","xfun (>= 0.18)",NA,"knitr, markdown, testit",NA,"GPL",NA,NA,NA,NA,"no","4.1.0"
"hms","hms","C:/Users/elena/Documents/R/win-library/4.1","1.1.0",NA,NA,"ellipsis (>= 0.3.2), lifecycle, methods, pkgconfig, rlang,
vctrs (>= 0.3.8)",NA,"crayon, lubridate, pillar (>= 1.1.0), testthat (>= 3.0.0)",NA,"MIT + file LICENSE",NA,NA,NA,NA,"no","4.1.0"
"htmltools","htmltools","C:/Users/elena/Documents/R/win-library/4.1","0.5.1.1",NA,"R (>= 2.14.1)","utils, digest, grDevices, base64enc, rlang",NA,"markdown, testthat, withr, Cairo, ragg, shiny","knitr","GPL (>= 2)",NA,NA,NA,NA,"yes","4.1.0"
"htmlwidgets","htmlwidgets","C:/Users/elena/Documents/R/win-library/4.1","1.5.3",NA,NA,"grDevices, htmltools (>= 0.3), jsonlite (>= 0.9.16), yaml",NA,"knitr (>= 1.8), rmarkdown, testthat","shiny (>= 1.1)","MIT + file LICENSE",NA,NA,NA,NA,"no","4.1.0"
"httpuv","httpuv","C:/Users/elena/Documents/R/win-library/4.1","1.6.1",NA,"R (>= 2.15.1)","Rcpp (>= 0.11.0), utils, R6, promises, later (>= 0.8.0)","Rcpp, later","testthat, callr, curl, websocket",NA,"GPL (>= 2) | file LICENSE",NA,NA,NA,NA,"yes","4.1.0"
"httr","httr","C:/Users/elena/Documents/R/win-library/4.1","1.4.2",NA,"R (>= 3.2)","curl (>= 3.0.0), jsonlite, mime, openssl (>= 0.8), R6",NA,"covr, httpuv, jpeg, knitr, png, readr, rmarkdown, testthat
(>= 0.8.0), xml2",NA,"MIT + file LICENSE",NA,NA,NA,NA,"no","4.1.0"
"ica","ica","C:/Users/elena/Documents/R/win-library/4.1","1.0-2",NA,NA,NA,NA,NA,NA,"GPL (>= 2)",NA,NA,NA,NA,"no","4.1.0"
"IDPmisc","IDPmisc","C:/Users/elena/Documents/R/win-library/4.1","1.1.20",NA,"R(>= 3.0.0)","methods, grid, lattice",NA,"SwissAir(>= 1.1.3)",NA,"GPL (>= 3)",NA,NA,NA,NA,"yes","4.1.0"
"ids","ids","C:/Users/elena/Documents/R/win-library/4.1","1.0.1",NA,NA,"openssl, uuid",NA,"knitr, rcorpora, rmarkdown, testthat",NA,"MIT + file LICENSE",NA,NA,NA,NA,"no","4.1.0"
"igraph","igraph","C:/Users/elena/Documents/R/win-library/4.1","1.2.6",NA,"methods","graphics, grDevices, magrittr, Matrix, pkgconfig (>= 2.0.0),
stats, utils",NA,"ape, digest, graph, igraphdata, rgl, scales, stats4, tcltk,
testthat, withr",NA,"GPL (>= 2)",NA,NA,NA,NA,"yes","4.1.0"
"ini","ini","C:/Users/elena/Documents/R/win-library/4.1","0.3.1",NA,NA,NA,NA,"testthat",NA,"GPL-3",NA,NA,NA,NA,"no","4.1.0"
"ipmisc","ipmisc","C:/Users/elena/Documents/R/win-library/4.1","6.0.2",NA,"R (>= 3.6.0)","dplyr, magrittr, rlang, tibble, tidyr, zeallot",NA,"ggplot2, rmarkdown, spelling, testthat",NA,"GPL-3 | file LICENSE",NA,NA,NA,NA,"no","4.1.0"
"IRanges","IRanges","C:/Users/elena/Documents/R/win-library/4.1","2.26.0",NA,"R (>= 4.0.0), methods, utils, stats, BiocGenerics (>= 0.37.0),
S4Vectors (>= 0.29.19)","stats4","S4Vectors","XVector, GenomicRanges, Rsamtools, GenomicAlignments,
GenomicFeatures, BSgenome.Celegans.UCSC.ce2, pasillaBamSubset,
RUnit, BiocStyle",NA,"Artistic-2.0",NA,NA,NA,NA,"yes","4.1.0"
"irlba","irlba","C:/Users/elena/Documents/R/win-library/4.1","2.3.3",NA,"Matrix","stats, methods","Matrix",NA,NA,"GPL-3",NA,NA,NA,NA,"yes","4.1.0"
"isoband","isoband","C:/Users/elena/Documents/R/win-library/4.1","0.2.5",NA,NA,"grid, utils",NA,"covr, ggplot2, knitr, magick, microbenchmark, rmarkdown, sf,
testthat, xml2",NA,"MIT + file LICENSE",NA,NA,NA,NA,"yes","4.1.0"
"jpeg","jpeg","C:/Users/elena/Documents/R/win-library/4.1","0.1-9",NA,"R (>= 2.9.0)",NA,NA,NA,NA,"GPL-2 | GPL-3",NA,NA,NA,NA,"yes","4.1.0"
"jquerylib","jquerylib","C:/Users/elena/Documents/R/win-library/4.1","0.1.4",NA,NA,"htmltools",NA,"testthat",NA,"MIT + file LICENSE",NA,NA,NA,NA,"no","4.1.0"
"jsonlite","jsonlite","C:/Users/elena/Documents/R/win-library/4.1","1.7.2",NA,"methods",NA,NA,"httr, curl, plyr, testthat, knitr, rmarkdown, R.rsp, sf",NA,"MIT + file LICENSE",NA,NA,NA,NA,"yes","4.1.0"
"kableExtra","kableExtra","C:/Users/elena/Documents/R/win-library/4.1","1.3.4",NA,"R (>= 3.1.0)","knitr (>= 1.16), magrittr, stringr (>= 1.0), xml2 (>= 1.1.1),
rvest, rmarkdown (>= 1.6.0), scales, viridisLite, stats,
grDevices, htmltools, rstudioapi, glue, tools, webshot, digest,
graphics, svglite",NA,"testthat, magick, formattable, sparkline",NA,"MIT + file LICENSE",NA,NA,NA,NA,"no","4.1.0"
"kernlab","kernlab","C:/Users/elena/Documents/R/win-library/4.1","0.9-29",NA,"R (>= 2.10)","methods, stats, grDevices, graphics",NA,NA,NA,"GPL-2",NA,NA,NA,NA,"yes","4.1.0"
"knitr","knitr","C:/Users/elena/Documents/R/win-library/4.1","1.33",NA,"R (>= 3.2.3)","evaluate (>= 0.10), highr, methods, markdown, stringr (>=
0.6), yaml (>= 2.1.19), xfun (>= 0.21), tools",NA,"formatR, testit, digest, rgl (>= 0.95.1201), codetools,
rmarkdown, htmlwidgets (>= 0.7), webshot, tikzDevice (>= 0.10),
tinytex, reticulate (>= 1.4), JuliaCall (>= 0.11.1), magick,
png, jpeg, gifski, xml2 (>= 1.2.0), httr, DBI (>= 0.4-1),
showtext, tibble, sass, bslib, ragg, styler (>= 1.2.0)",NA,"GPL",NA,NA,NA,NA,"no","4.1.0"
"ks","ks","C:/Users/elena/Documents/R/win-library/4.1","1.13.2",NA,"R (>= 2.10.0)","FNN (>= 1.1), kernlab, KernSmooth (>= 2.22), Matrix, mclust,
mgcv, multicool, mvtnorm (>= 1.0-0), plot3D, pracma",NA,"MASS, misc3d (>= 0.4-0), oz, rgl (>= 0.66)",NA,"GPL-2 | GPL-3",NA,NA,NA,NA,"yes","4.1.0"
"labeling","labeling","C:/Users/elena/Documents/R/win-library/4.1","0.4.2",NA,NA,"stats, graphics",NA,NA,NA,"MIT + file LICENSE | Unlimited",NA,NA,NA,NA,"no","4.1.0"
"later","later","C:/Users/elena/Documents/R/win-library/4.1","1.2.0",NA,NA,"Rcpp (>= 0.12.9), rlang","Rcpp","knitr, rmarkdown, testthat (>= 2.1.0)",NA,"MIT + file LICENSE",NA,NA,NA,NA,"yes","4.1.0"
"latticeExtra","latticeExtra","C:/Users/elena/Documents/R/win-library/4.1","0.6-29",NA,"R (>= 3.6.0), lattice","grid, stats, utils, grDevices, png, jpeg, RColorBrewer",NA,"maps, mapproj, deldir, tripack, quantreg, zoo, MASS, mgcv",NA,"GPL (>= 2)",NA,NA,NA,NA,"no","4.1.0"
"lazyeval","lazyeval","C:/Users/elena/Documents/R/win-library/4.1","0.2.2",NA,"R (>= 3.1.0)",NA,NA,"knitr, rmarkdown (>= 0.2.65), testthat, covr",NA,"GPL-3",NA,NA,NA,NA,"yes","4.1.0"
"leiden","leiden","C:/Users/elena/Documents/R/win-library/4.1","0.3.9",NA,NA,"methods, reticulate, Matrix, igraph",NA,"bipartite, covr, data.table, devtools, graphsim, knitr,
multiplex, multinet, markdown, network, RColorBrewer,
rmarkdown, spelling, testthat, tibble",NA,"GPL-3 | file LICENSE",NA,NA,NA,NA,"no","4.1.0"
"lifecycle","lifecycle","C:/Users/elena/Documents/R/win-library/4.1","1.0.0",NA,"R (>= 3.3)","glue, rlang (>= 0.4.10)",NA,"covr, crayon, knitr, rmarkdown, testthat (>= 3.0.1), tibble",NA,"MIT + file LICENSE",NA,NA,NA,NA,"no","4.1.0"
"listenv","listenv","C:/Users/elena/Documents/R/win-library/4.1","0.8.0",NA,"R (>= 3.1.2)",NA,NA,"R.utils, R.rsp, markdown",NA,"LGPL (>= 2.1)",NA,NA,NA,NA,"no","4.1.0"
"lme4","lme4","C:/Users/elena/Documents/R/win-library/4.1","1.1-27.1",NA,"R (>= 3.2.0), Matrix (>= 1.2-1), methods, stats","graphics, grid, splines, utils, parallel, MASS, lattice, boot,
nlme (>= 3.1-123), minqa (>= 1.1.15), nloptr (>= 1.0.4)","Rcpp (>= 0.10.5), RcppEigen","knitr, rmarkdown, PKPDmodels, MEMSS, testthat (>= 0.8.1),
ggplot2, mlmRev, optimx (>= 2013.8.6), gamm4, pbkrtest, HSAUR3,
numDeriv, car, dfoptim, mgcv, statmod, rr2, semEff",NA,"GPL (>= 2)",NA,NA,NA,NA,"yes","4.1.0"
"lmtest","lmtest","C:/Users/elena/Documents/R/win-library/4.1","0.9-38",NA,"R (>= 3.0.0), stats, zoo","graphics",NA,"car, strucchange, sandwich, dynlm, stats4, survival, AER",NA,"GPL-2 | GPL-3",NA,NA,NA,NA,"yes","4.1.0"
"locfit","locfit","C:/Users/elena/Documents/R/win-library/4.1","1.5-9.4",NA,"R (>= 3.5.0)","lattice",NA,"interp, gam",NA,"GPL (>= 2)",NA,NA,NA,NA,"yes","4.1.0"
"lubridate","lubridate","C:/Users/elena/Documents/R/win-library/4.1","1.7.10",NA,"methods, R (>= 3.2)","generics, Rcpp (>= 0.12.13)","Rcpp","covr, knitr, testthat (>= 2.1.0), vctrs (>= 0.3.0), rmarkdown","chron, timeDate, tis, zoo","GPL (>= 2)",NA,NA,NA,NA,"yes","4.1.0"
"magrittr","magrittr","C:/Users/elena/Documents/R/win-library/4.1","2.0.1",NA,NA,NA,NA,"covr, knitr, rlang, rmarkdown, testthat",NA,"MIT + file LICENSE",NA,NA,NA,NA,"yes","4.1.0"
"maptools","maptools","C:/Users/elena/Documents/R/win-library/4.1","1.1-1",NA,"R (>= 2.10), sp (>= 1.0-11)","foreign (>= 0.8), methods, grid, lattice, stats, utils,
grDevices",NA,"rgeos (>= 0.1-8), spatstat.geom (>= 1.65-0), PBSmapping,
maps, RColorBrewer, raster, polyclip, plotrix, spatstat.linnet
(>= 1.65-3), spatstat.utils (>= 1.19.0), spatstat (>= 2.0-0)","gpclib","GPL (>= 2)",NA,NA,NA,NA,"yes","4.1.0"
"markdown","markdown","C:/Users/elena/Documents/R/win-library/4.1","1.1",NA,"R (>= 2.11.1)","utils, xfun, mime (>= 0.3)",NA,"knitr, RCurl",NA,"GPL-2",NA,NA,NA,NA,"yes","4.1.0"
"Matrix","Matrix","C:/Users/elena/Documents/R/win-library/4.1","1.3-4","recommended","R (>= 3.5.0)","methods, graphics, grid, stats, utils, lattice",NA,"expm, MASS","MatrixModels, graph, SparseM, sfsmisc, igraph, maptools, sp,
spdep","GPL (>= 2) | file LICENCE",NA,NA,NA,NA,"yes","4.1.0"
"MatrixGenerics","MatrixGenerics","C:/Users/elena/Documents/R/win-library/4.1","1.4.0",NA,"matrixStats (> 0.57.0)","methods",NA,"sparseMatrixStats, DelayedMatrixStats, SummarizedExperiment,
testthat (>= 2.1.0)",NA,"Artistic-2.0",NA,NA,NA,NA,"no","4.1.0"
"MatrixModels","MatrixModels","C:/Users/elena/Documents/R/win-library/4.1","0.5-0",NA,"R (>= 3.0.1)","stats, methods, Matrix (>= 1.1-5)",NA,NA,NA,"GPL (>= 2)",NA,NA,NA,NA,"no","4.1.0"
"matrixStats","matrixStats","C:/Users/elena/Documents/R/win-library/4.1","0.59.0",NA,"R (>= 2.12.0)",NA,NA,"base64enc, ggplot2, knitr, microbenchmark, R.devices, R.rsp",NA,"Artistic-2.0",NA,NA,NA,NA,"yes","4.1.0"
"mclust","mclust","C:/Users/elena/Documents/R/win-library/4.1","5.4.7",NA,"R (>= 3.0)","stats, utils, graphics, grDevices",NA,"knitr (>= 1.12), rmarkdown (>= 0.9), mix (>= 1.0), geometry
(>= 0.3-6), MASS",NA,"GPL (>= 2)",NA,NA,NA,NA,"yes","4.1.0"
"memoise","memoise","C:/Users/elena/Documents/R/win-library/4.1","2.0.0",NA,NA,"rlang (>= 0.4.10), cachem",NA,"digest, aws.s3, covr, googleAuthR, googleCloudStorageR, httr,
testthat",NA,"MIT + file LICENSE",NA,NA,NA,NA,"no","4.1.0"
"mgcv","mgcv","C:/Users/elena/Documents/R/win-library/4.1","1.8-36","recommended","R (>= 3.6.0), nlme (>= 3.1-64)","methods, stats, graphics, Matrix, splines, utils",NA,"parallel, survival, MASS",NA,"GPL (>= 2)",NA,NA,NA,NA,"yes","4.1.0"
"mime","mime","C:/Users/elena/Documents/R/win-library/4.1","0.11",NA,NA,"tools",NA,NA,NA,"GPL",NA,NA,NA,NA,"yes","4.1.0"
"miniUI","miniUI","C:/Users/elena/Documents/R/win-library/4.1","0.1.1.1",NA,NA,"shiny (>= 0.13), htmltools (>= 0.3), utils",NA,NA,NA,"GPL-3",NA,NA,NA,NA,"no","4.1.0"
"minqa","minqa","C:/Users/elena/Documents/R/win-library/4.1","1.2.4",NA,NA,"Rcpp (>= 0.9.10)","Rcpp",NA,NA,"GPL-2",NA,NA,NA,NA,"yes","4.1.0"
"misc3d","misc3d","C:/Users/elena/Documents/R/win-library/4.1","0.9-0",NA,NA,"grDevices, graphics, stats, tcltk",NA,"rgl, tkrplot, MASS",NA,"GPL",NA,NA,NA,NA,"no","4.1.0"
"mnormt","mnormt","C:/Users/elena/Documents/R/win-library/4.1","2.0.2",NA,"R (>= 2.2.0)","tmvnsim (>= 1.0-2)",NA,NA,NA,"GPL-2 | GPL-3",NA,NA,NA,NA,"yes","4.1.0"
"modelr","modelr","C:/Users/elena/Documents/R/win-library/4.1","0.1.8",NA,"R (>= 3.2)","broom, magrittr, purrr (>= 0.2.2), rlang (>= 0.2.0), tibble,
tidyr (>= 0.8.0), tidyselect, vctrs",NA,"compiler, covr, ggplot2, testthat",NA,"GPL-3",NA,NA,NA,NA,"no","4.1.0"
"multicool","multicool","C:/Users/elena/Documents/R/win-library/4.1","0.1-12",NA,"methods, Rcpp (>= 0.11.2)",NA,"Rcpp",NA,NA,"GPL-2",NA,NA,NA,NA,"yes","4.1.0"
"munsell","munsell","C:/Users/elena/Documents/R/win-library/4.1","0.5.0",NA,NA,"colorspace, methods",NA,"ggplot2, testthat",NA,"MIT + file LICENSE",NA,NA,NA,NA,"no","4.1.0"
"mvtnorm","mvtnorm","C:/Users/elena/Documents/R/win-library/4.1","1.1-2",NA,"R(>= 3.5.0)","stats, methods",NA,NA,NA,"GPL-2",NA,NA,NA,NA,"yes","4.1.0"
"ncdfFlow","ncdfFlow","C:/Users/elena/Documents/R/win-library/4.1","2.38.0",NA,"R (>= 2.14.0), flowCore(>= 1.51.7), RcppArmadillo, methods, BH","Biobase,BiocGenerics,flowCore,zlibbioc","Rcpp,RcppArmadillo,BH, Rhdf5lib","testthat,parallel,flowStats,knitr",NA,"Artistic-2.0",NA,NA,NA,NA,"yes","4.1.0"
"nloptr","nloptr","C:/Users/elena/Documents/R/win-library/4.1","1.2.2.2",NA,NA,NA,NA,"testthat (>= 0.8.1), knitr, rmarkdown, inline (>= 0.3.14)",NA,"LGPL-3",NA,NA,NA,NA,"yes","4.1.0"
"numDeriv","numDeriv","C:/Users/elena/Documents/R/win-library/4.1","2016.8-1.1",NA,"R (>= 2.11.1)",NA,NA,NA,NA,"GPL-2",NA,NA,NA,NA,"no","4.1.0"
"openCyto","openCyto","C:/Users/elena/Documents/R/win-library/4.1","2.4.0",NA,"R (>= 3.5.0)","methods,Biobase,BiocGenerics,gtools,flowCore(>=
1.99.17),flowViz,ncdfFlow(>= 2.11.34),flowWorkspace(>=
3.99.1),flowStats(>= 3.99.1),flowClust(>=
3.11.4),MASS,clue,plyr,RBGL,graph,data.table,ks,RColorBrewer,lattice,rrcov,R.utils","Rcpp","flowWorkspaceData, knitr, testthat, utils, tools, parallel,
ggcyto, CytoML",NA,"Artistic-2.0",NA,NA,NA,NA,"yes","4.1.0"
"openssl","openssl","C:/Users/elena/Documents/R/win-library/4.1","1.4.4",NA,NA,"askpass",NA,"testthat (>= 2.1.0), digest, knitr, rmarkdown, jsonlite,
jose, sodium",NA,"MIT + file LICENSE",NA,NA,NA,NA,"yes","4.1.0"
"openxlsx","openxlsx","C:/Users/elena/Documents/R/win-library/4.1","4.2.4",NA,"R (>= 3.3.0)","grDevices, methods, Rcpp, stats, utils, zip, stringi","Rcpp","knitr, testthat, roxygen2, rmarkdown",NA,"MIT + file LICENSE",NA,NA,NA,NA,"yes","4.1.0"
"pagedown","pagedown","C:/Users/elena/Documents/R/win-library/4.1","0.15",NA,NA,"rmarkdown (>= 1.16), bookdown (>= 0.8), htmltools, jsonlite,
later (>= 1.0.0), processx, servr (>= 0.18), httpuv, xfun,
websocket",NA,"promises, testit, xaringan, pdftools, revealjs",NA,"MIT + file LICENSE",NA,NA,NA,NA,"no","4.1.0"
"parallelly","parallelly","C:/Users/elena/Documents/R/win-library/4.1","1.27.0",NA,NA,"parallel, tools, utils",NA,NA,NA,"LGPL (>= 2.1)",NA,NA,NA,NA,"no","4.1.0"
"patchwork","patchwork","C:/Users/elena/Documents/R/win-library/4.1","1.1.1",NA,NA,"ggplot2 (>= 3.0.0), gtable, grid, stats, grDevices, utils,
graphics",NA,"knitr, rmarkdown, gridGraphics, gridExtra, ragg, testthat (>=
2.1.0), vdiffr, covr, png",NA,"MIT + file LICENSE",NA,NA,NA,NA,"no","4.1.0"
"pbapply","pbapply","C:/Users/elena/Documents/R/win-library/4.1","1.4-3",NA,"R (>= 3.2.0)","parallel",NA,NA,NA,"GPL-2",NA,NA,NA,NA,"no","4.1.0"
"pbkrtest","pbkrtest","C:/Users/elena/Documents/R/win-library/4.1","0.5.1",NA,"R (>= 3.5.0), lme4 (>= 1.1.10)","broom, dplyr, magrittr, MASS, Matrix (>= 1.2.3), methods,
numDeriv, parallel, knitr",NA,NA,NA,"GPL (>= 2)",NA,NA,NA,NA,"no","4.1.0"
"pcaPP","pcaPP","C:/Users/elena/Documents/R/win-library/4.1","1.9-74",NA,NA,"mvtnorm",NA,"robustbase",NA,"GPL (>= 3)",NA,NA,NA,NA,"yes","4.1.0"
"pheatmap","pheatmap","C:/Users/elena/Documents/R/win-library/4.1","1.0.12",NA,"R (>= 2.0)","grid, RColorBrewer, scales, gtable, stats, grDevices, graphics",NA,NA,NA,"GPL-2",NA,NA,NA,NA,"no","4.1.0"
"pillar","pillar","C:/Users/elena/Documents/R/win-library/4.1","1.6.1",NA,NA,"cli, crayon (>= 1.3.4), ellipsis (>= 0.3.2), fansi, lifecycle,
rlang (>= 0.3.0), utf8 (>= 1.1.0), utils, vctrs (>= 0.3.8)",NA,"bit64, debugme, DiagrammeR, dplyr, formattable, ggplot2,
knitr, lubridate, nycflights13, palmerpenguins, rmarkdown,
scales, stringi, survival, testthat (>= 3.0.2), tibble, units,
withr",NA,"MIT + file LICENSE",NA,NA,NA,NA,"no","4.1.0"
"pkgbuild","pkgbuild","C:/Users/elena/Documents/R/win-library/4.1","1.2.0",NA,"R (>= 3.1)","callr (>= 3.2.0), cli, crayon, desc, prettyunits, R6,
rprojroot, withr (>= 2.1.2)",NA,"Rcpp, cpp11, testthat, covr",NA,"MIT + file LICENSE",NA,NA,NA,NA,"no","4.1.0"
"pkgconfig","pkgconfig","C:/Users/elena/Documents/R/win-library/4.1","2.0.3",NA,NA,"utils",NA,"covr, testthat, disposables (>= 1.0.3)",NA,"MIT + file LICENSE",NA,NA,NA,NA,"no","4.1.0"
"pkgload","pkgload","C:/Users/elena/Documents/R/win-library/4.1","1.2.1",NA,NA,"cli, crayon, desc, methods, rlang, rprojroot, rstudioapi,
utils, withr",NA,"bitops, covr, pkgbuild, Rcpp, testthat",NA,"GPL-3",NA,NA,NA,NA,"yes","4.1.0"
"plot3D","plot3D","C:/Users/elena/Documents/R/win-library/4.1","1.4",NA,"R (>= 2.15)","misc3d, stats, graphics, grDevices, methods",NA,NA,NA,"GPL (>= 3.0)",NA,NA,NA,NA,"no","4.1.0"
"plotly","plotly","C:/Users/elena/Documents/R/win-library/4.1","4.9.4.1",NA,"R (>= 3.2.0), ggplot2 (>= 3.0.0)","tools, scales, httr (>= 1.3.0), jsonlite (>= 1.6), magrittr,
digest, viridisLite, base64enc, htmltools (>= 0.3.6),
htmlwidgets (>= 1.5.2.9001), tidyr (>= 1.0.0), RColorBrewer,
dplyr, vctrs, tibble, lazyeval (>= 0.2.0), rlang (>= 0.4.10),
crosstalk, purrr, data.table, promises",NA,"MASS, maps, hexbin, ggthemes, GGally, testthat, knitr,
devtools, shiny (>= 1.1.0), shinytest (>= 1.3.0), curl,
rmarkdown, vdiffr, Cairo, broom, webshot, listviewer,
dendextend, sf, maptools, rgeos, png, IRdisplay, processx,
plotlyGeoAssets, forcats, palmerpenguins",NA,"MIT + file LICENSE",NA,NA,NA,NA,"no","4.1.0"
"plyr","plyr","C:/Users/elena/Documents/R/win-library/4.1","1.8.6",NA,"R (>= 3.1.0)","Rcpp (>= 0.11.0)","Rcpp","abind, covr, doParallel, foreach, iterators, itertools,
tcltk, testthat",NA,"MIT + file LICENSE",NA,NA,NA,NA,"yes","4.1.0"
"png","png","C:/Users/elena/Documents/R/win-library/4.1","0.1-7",NA,"R (>= 2.9.0)",NA,NA,NA,NA,"GPL-2 | GPL-3",NA,NA,NA,NA,"yes","4.1.0"
"polyclip","polyclip","C:/Users/elena/Documents/R/win-library/4.1","1.10-0",NA,"R (>= 3.0.0)",NA,NA,NA,NA,"BSL",NA,NA,NA,NA,"yes","4.1.0"
"polynom","polynom","C:/Users/elena/Documents/R/win-library/4.1","1.4-0",NA,NA,"stats, graphics",NA,"knitr, rmarkdown",NA,"GPL-2",NA,NA,NA,NA,"no","4.1.0"
"pracma","pracma","C:/Users/elena/Documents/R/win-library/4.1","2.3.3",NA,"R (>= 3.1.0)","graphics, grDevices, stats, utils",NA,"NlcOptim, quadprog",NA,"GPL (>= 3)",NA,NA,NA,NA,"no","4.1.0"
"praise","praise","C:/Users/elena/Documents/R/win-library/4.1","1.0.0",NA,NA,NA,NA,"testthat",NA,"MIT + file LICENSE",NA,NA,NA,NA,"no","4.1.0"
"prettyunits","prettyunits","C:/Users/elena/Documents/R/win-library/4.1","1.1.1",NA,NA,NA,NA,"codetools, covr, testthat",NA,"MIT + file LICENSE",NA,NA,NA,NA,"no","4.1.0"
"processx","processx","C:/Users/elena/Documents/R/win-library/4.1","3.5.2",NA,NA,"ps (>= 1.2.0), R6, utils",NA,"callr (>= 3.2.0), cli, codetools, covr, curl, debugme,
parallel, testthat, withr",NA,"MIT + file LICENSE",NA,NA,NA,NA,"yes","4.1.0"
"progress","progress","C:/Users/elena/Documents/R/win-library/4.1","1.2.2",NA,NA,"hms, prettyunits, R6, crayon",NA,"Rcpp, testthat, withr",NA,"MIT + file LICENSE",NA,NA,NA,NA,"no","4.1.0"
"ProjectTemplate","ProjectTemplate","C:/Users/elena/Documents/R/win-library/4.1","0.10.1",NA,"R (>= 2.7)",NA,NA,"foreign, feather, reshape, plyr, digest, formatR, qs,
stringr, ggplot2, lubridate, log4r (>= 0.1-5), DBI, RMySQL,
RSQLite, gdata, RODBC, RJDBC, readxl, xlsx, tuneR, pixmap,
data.table, RPostgreSQL, GetoptLong, whisker, tibble, testthat
(>= 0.8)",NA,"GPL-3 | file LICENSE",NA,NA,NA,NA,"no","4.1.0"
"promises","promises","C:/Users/elena/Documents/R/win-library/4.1","1.2.0.1",NA,NA,"R6, Rcpp, later, rlang, stats, magrittr","later, Rcpp","testthat, future (>= 1.21.0), fastmap (>= 1.1.0), purrr,
knitr, rmarkdown, vembedr, spelling",NA,"MIT + file LICENSE",NA,NA,NA,NA,"yes","4.1.0"
"ps","ps","C:/Users/elena/Documents/R/win-library/4.1","1.6.0",NA,"R (>= 3.1)","utils",NA,"callr, covr, curl, pingr, processx (>= 3.1.0), R6, rlang,
testthat, tibble",NA,"MIT + file LICENSE",NA,NA,NA,NA,"yes","4.1.0"
"purrr","purrr","C:/Users/elena/Documents/R/win-library/4.1","0.3.4",NA,"R (>= 3.2)","magrittr (>= 1.5), rlang (>= 0.3.1)",NA,"covr, crayon, dplyr (>= 0.7.8), knitr, rmarkdown, testthat,
tibble, tidyselect",NA,"GPL-3 | file LICENSE",NA,NA,NA,NA,"yes","4.1.0"
"quantreg","quantreg","C:/Users/elena/Documents/R/win-library/4.1","5.86",NA,"R (>= 2.6), stats, SparseM","methods, graphics, Matrix, MatrixModels, conquer",NA,"tripack, akima, MASS, survival, rgl, logspline, nor1mix,
Formula, zoo, R.rsp",NA,"GPL (>= 2)",NA,NA,NA,NA,"yes","4.1.0"
"R.methodsS3","R.methodsS3","C:/Users/elena/Documents/R/win-library/4.1","1.8.1",NA,"R (>= 2.13.0)","utils",NA,"codetools",NA,"LGPL (>= 2.1)",NA,NA,NA,NA,"no","4.1.0"
"R.oo","R.oo","C:/Users/elena/Documents/R/win-library/4.1","1.24.0",NA,"R (>= 2.13.0), R.methodsS3 (>= 1.8.0)","methods, utils",NA,"tools",NA,"LGPL (>= 2.1)",NA,NA,NA,NA,"no","4.1.0"
"R.utils","R.utils","C:/Users/elena/Documents/R/win-library/4.1","2.10.1",NA,"R (>= 2.14.0), R.oo (>= 1.23.0)","methods, utils, tools, R.methodsS3 (>= 1.8.0)",NA,"digest (>= 0.6.10)",NA,"LGPL (>= 2.1)",NA,NA,NA,NA,"no","4.1.0"
"R6","R6","C:/Users/elena/Documents/R/win-library/4.1","2.5.0",NA,"R (>= 3.0)",NA,NA,"knitr, microbenchmark, pryr, testthat, ggplot2, scales",NA,"MIT + file LICENSE",NA,NA,NA,NA,"no","4.1.0"
"rainbow","rainbow","C:/Users/elena/Documents/R/win-library/4.1","3.6",NA,"R (>= 3.4.0), MASS, pcaPP","hdrcde, cluster, colorspace, ks",NA,"forecast",NA,"GPL-3",NA,NA,NA,NA,"no","4.1.0"
"RANN","RANN","C:/Users/elena/Documents/R/win-library/4.1","2.6.1",NA,NA,NA,NA,"testthat",NA,"GPL (>= 3)",NA,NA,NA,NA,"yes","4.1.0"
"rappdirs","rappdirs","C:/Users/elena/Documents/R/win-library/4.1","0.3.3",NA,"R (>= 3.2)",NA,NA,"roxygen2, testthat (>= 3.0.0), covr, withr",NA,"MIT + file LICENSE",NA,NA,NA,NA,"yes","4.1.0"
"RBGL","RBGL","C:/Users/elena/Documents/R/win-library/4.1","1.68.0",NA,"graph, methods","methods","BH","Rgraphviz, XML, RUnit, BiocGenerics",NA,"Artistic-2.0",NA,NA,NA,NA,"yes","4.1.0"
"rChoiceDialogs","rChoiceDialogs","C:/Users/elena/Documents/R/win-library/4.1","1.0.6",NA,"rJava, utils","tcltk",NA,NA,NA,"LGPL (>= 2.1)",NA,NA,NA,NA,"no","4.1.0"
"rcmdcheck","rcmdcheck","C:/Users/elena/Documents/R/win-library/4.1","1.3.3",NA,NA,"callr (>= 3.1.1.9000), cli (>= 1.1.0), crayon, desc (>=
1.2.0), digest, pkgbuild, prettyunits, R6, rprojroot,
sessioninfo (>= 1.1.1), utils, withr, xopen",NA,"covr, knitr, mockery, rmarkdown, testthat",NA,"MIT + file LICENSE",NA,NA,NA,NA,"no","4.1.0"
"RColorBrewer","RColorBrewer","C:/Users/elena/Documents/R/win-library/4.1","1.1-2",NA,"R (>= 2.0.0)",NA,NA,NA,NA,"Apache License 2.0",NA,NA,NA,NA,"no","4.1.0"
"Rcpp","Rcpp","C:/Users/elena/Documents/R/win-library/4.1","1.0.7",NA,NA,"methods, utils",NA,"tinytest, inline, rbenchmark, pkgKitten (>= 0.1.2)",NA,"GPL (>= 2)",NA,NA,NA,NA,"yes","4.1.0"
"RcppAnnoy","RcppAnnoy","C:/Users/elena/Documents/R/win-library/4.1","0.0.18",NA,"R (>= 3.1)","methods, Rcpp","Rcpp","tinytest",NA,"GPL (>= 2)",NA,NA,NA,NA,"yes","4.1.0"
"RcppArmadillo","RcppArmadillo","C:/Users/elena/Documents/R/win-library/4.1","0.10.6.0.0",NA,"R (>= 3.3.0)","Rcpp (>= 0.11.0), stats, utils, methods","Rcpp","tinytest, Matrix (>= 1.3.0), pkgKitten, reticulate, slam",NA,"GPL (>= 2)",NA,NA,NA,NA,"yes","4.1.0"
"RcppEigen","RcppEigen","C:/Users/elena/Documents/R/win-library/4.1","0.3.3.9.1",NA,NA,"Matrix (>= 1.1-0), Rcpp (>= 0.11.0), stats, utils","Rcpp","inline, tinytest, pkgKitten, microbenchmark",NA,"GPL (>= 2) | file LICENSE",NA,NA,NA,NA,"yes","4.1.0"
"RcppParallel","RcppParallel","C:/Users/elena/Documents/R/win-library/4.1","5.1.4",NA,"R (>= 3.0.2)",NA,NA,"Rcpp, RUnit, knitr, rmarkdown",NA,"GPL (>= 2)",NA,NA,NA,NA,"yes","4.1.0"
"RcppProgress","RcppProgress","C:/Users/elena/Documents/R/win-library/4.1","0.4.2",NA,NA,NA,NA,"RcppArmadillo, devtools, roxygen2, testthat",NA,"GPL (>= 3)",NA,NA,NA,NA,"no","4.1.0"
"RCurl","RCurl","C:/Users/elena/Documents/R/win-library/4.1","1.98-1.3",NA,"R (>= 3.4.0), methods","bitops",NA,"XML",NA,"BSD_3_clause + file LICENSE",NA,NA,NA,NA,"yes","4.1.0"
"readr","readr","C:/Users/elena/Documents/R/win-library/4.1","2.0.0",NA,"R (>= 3.1)","cli, clipr, crayon, hms (>= 0.4.1), methods, rlang, R6,
tibble, vroom (>= 1.5.2), utils, lifecycle (>= 0.2.0)","cpp11, tzdb (>= 0.1.1)","covr, curl, dplyr, knitr, rmarkdown, spelling, stringi,
testthat, tzdb (>= 0.1.1), withr, xml2",NA,"MIT + file LICENSE",NA,NA,NA,NA,"yes","4.1.0"
"readxl","readxl","C:/Users/elena/Documents/R/win-library/4.1","1.3.1",NA,NA,"cellranger, Rcpp (>= 0.12.18), tibble (>= 1.3.1), utils","progress, Rcpp","covr, knitr, rmarkdown, rprojroot (>= 1.1), testthat",NA,"GPL-3",NA,NA,NA,NA,"yes","4.1.0"
"redoc","redoc","C:/Users/elena/Documents/R/win-library/4.1","2.0.0.49",NA,NA,"jsonlite",NA,"plumber (>= 1.0)",NA,"MIT + file LICENSE | Apache License 2.0",NA,NA,NA,NA,"no","4.1.0"
"rematch","rematch","C:/Users/elena/Documents/R/win-library/4.1","1.0.1",NA,NA,NA,NA,"covr, testthat",NA,"MIT + file LICENSE",NA,NA,NA,NA,"no","4.1.0"
"rematch2","rematch2","C:/Users/elena/Documents/R/win-library/4.1","2.1.2",NA,NA,"tibble",NA,"covr, testthat",NA,"MIT + file LICENSE",NA,NA,NA,NA,"no","4.1.0"
"remotes","remotes","C:/Users/elena/Documents/R/win-library/4.1","2.4.0",NA,"R (>= 3.0.0)","methods, stats, tools, utils",NA,"brew, callr, codetools, curl, covr, git2r (>= 0.23.0), knitr,
mockery, pkgbuild (>= 1.0.1), pingr, rmarkdown, rprojroot,
testthat, webfakes, withr",NA,"MIT + file LICENSE",NA,NA,NA,NA,"no","4.1.0"
"reprex","reprex","C:/Users/elena/Documents/R/win-library/4.1","2.0.0",NA,"R (>= 3.3)","callr (>= 3.6.0), cli (>= 2.3.1), clipr (>= 0.4.0), fs, glue,
knitr (>= 1.23), rlang (>= 0.4.0), rmarkdown, rstudioapi,
utils, withr (>= 2.3.0)",NA,"covr, fortunes, miniUI, mockr, rprojroot, sessioninfo, shiny,
spelling, styler (>= 1.2.0), testthat (>= 3.0.2)",NA,"MIT + file LICENSE",NA,NA,NA,NA,"no","4.1.0"
"reshape2","reshape2","C:/Users/elena/Documents/R/win-library/4.1","1.4.4",NA,"R (>= 3.1)","plyr (>= 1.8.1), Rcpp, stringr","Rcpp","covr, lattice, testthat (>= 0.8.0)",NA,"MIT + file LICENSE",NA,NA,NA,NA,"yes","4.1.0"
"reticulate","reticulate","C:/Users/elena/Documents/R/win-library/4.1","1.20",NA,"R (>= 3.0)","Matrix, Rcpp (>= 0.12.7), graphics, jsonlite, methods, png,
rappdirs, utils, withr","Rcpp","callr, knitr, rmarkdown, testthat",NA,"Apache License 2.0",NA,NA,NA,NA,"yes","4.1.0"
"Rgraphviz","Rgraphviz","C:/Users/elena/Documents/R/win-library/4.1","2.36.0",NA,"R (>= 2.6.0), methods, utils, graph, grid","stats4, graphics, grDevices",NA,"RUnit, BiocGenerics, XML",NA,"EPL",NA,NA,NA,NA,"yes","4.1.0"
"Rhdf5lib","Rhdf5lib","C:/Users/elena/Documents/R/win-library/4.1","1.14.2",NA,"R (>= 4.0.0)",NA,NA,"BiocStyle, knitr, rmarkdown, tinytest, mockery",NA,"Artistic-2.0",NA,NA,NA,NA,"yes","4.1.0"
"rio","rio","C:/Users/elena/Documents/R/win-library/4.1","0.5.27",NA,"R (>= 2.15.0)","tools, stats, utils, foreign, haven (>= 1.1.2), curl (>= 0.6),
data.table (>= 1.9.8), readxl (>= 0.1.1), openxlsx, tibble",NA,"datasets, bit64, testthat, knitr, magrittr, arrow, clipr,
feather, fst, hexView, jsonlite, pzfx, readODS (>= 1.6.4),
readr, rmarkdown, rmatio, xml2 (>= 1.2.0), yaml",NA,"GPL-2",NA,NA,NA,NA,"no","4.1.0"
"rJava","rJava","C:/Users/elena/Documents/R/win-library/4.1","1.0-4",NA,"R (>= 3.6.0), methods",NA,NA,NA,NA,"LGPL-2.1",NA,NA,NA,NA,"yes","4.1.0"
"rlang","rlang","C:/Users/elena/Documents/R/win-library/4.1","0.4.11",NA,"R (>= 3.3.0)","utils",NA,"cli, covr, crayon, glue, magrittr, methods, pak, pillar,
rmarkdown, testthat (>= 3.0.0), vctrs (>= 0.2.3), withr","winch","MIT + file LICENSE",NA,NA,NA,NA,"yes","4.1.0"
"rmarkdown","rmarkdown","C:/Users/elena/Documents/R/win-library/4.1","2.9",NA,"R (>= 3.0)","tools, utils, knitr (>= 1.22), yaml (>= 2.1.19), htmltools (>=
0.3.5), evaluate (>= 0.13), jsonlite, tinytex (>= 0.31), xfun
(>= 0.21), methods, stringr (>= 1.2.0)",NA,"shiny (>= 1.6.0), tufte, testthat (>= 3.0.0), digest,
dygraphs, vctrs, tibble, fs, rsconnect, withr (>= 2.4.2), bslib
(>= 0.2.5.1), sass (>= 0.4.0)",NA,"GPL-3",NA,NA,NA,NA,"no","4.1.0"
"robustbase","robustbase","C:/Users/elena/Documents/R/win-library/4.1","0.93-8",NA,"R (>= 3.5.0)","stats, graphics, utils, methods, DEoptimR",NA,"grid, MASS, lattice, boot, cluster, Matrix, robust,
fit.models, MPV, xtable, ggplot2, GGally, RColorBrewer,
reshape2, sfsmisc, catdata, doParallel, foreach, skewt","robustX, rrcov, matrixStats, quantreg, Hmisc","GPL (>= 2)",NA,NA,NA,NA,"yes","4.1.0"
"ROCR","ROCR","C:/Users/elena/Documents/R/win-library/4.1","1.0-11",NA,"R (>= 3.6)","methods, graphics, grDevices, gplots, stats",NA,"testthat, knitr, rmarkdown",NA,"GPL (>= 2)",NA,NA,NA,NA,"no","4.1.0"
"roxygen2","roxygen2","C:/Users/elena/Documents/R/win-library/4.1","7.1.1",NA,"R (>= 3.2)","brew, commonmark, desc (>= 1.2.0), digest, knitr, methods,
pkgload (>= 1.0.2), purrr (>= 0.3.3), R6 (>= 2.1.2), Rcpp (>=
0.11.0), rlang, stringi, stringr (>= 1.0.0), utils, xml2","Rcpp","covr, devtools, rmarkdown, testthat (>= 2.1.0), R.methodsS3,
R.oo",NA,"GPL (>= 2)",NA,NA,NA,NA,"yes","4.1.0"
"rprojroot","rprojroot","C:/Users/elena/Documents/R/win-library/4.1","2.0.2",NA,"R (>= 3.0.0)",NA,NA,"covr, knitr, lifecycle, mockr, rmarkdown, testthat (>=
3.0.0), withr",NA,"MIT + file LICENSE",NA,NA,NA,NA,"no","4.1.0"
"RProtoBufLib","RProtoBufLib","C:/Users/elena/Documents/R/win-library/4.1","2.4.0",NA,NA,NA,NA,NA,NA,"BSD_3_clause",NA,NA,NA,NA,"yes","4.1.0"
"rrcov","rrcov","C:/Users/elena/Documents/R/win-library/4.1","1.5-5",NA,"R (>= 2.10), robustbase (>= 0.92.1), methods","stats, stats4, mvtnorm, lattice, pcaPP",NA,"grid, MASS",NA,"GPL (>= 2)",NA,NA,NA,NA,"yes","4.1.0"
"RSpectra","RSpectra","C:/Users/elena/Documents/R/win-library/4.1","0.16-0",NA,"R (>= 3.0.2)","Matrix (>= 1.1-0), Rcpp (>= 0.11.5)","Rcpp, RcppEigen (>= 0.3.3.3.0)","knitr, rmarkdown, prettydoc",NA,"MPL (>= 2)",NA,NA,NA,NA,"yes","4.1.0"
"rstatix","rstatix","C:/Users/elena/Documents/R/win-library/4.1","0.7.0",NA,"R (>= 3.3.0)","stats, utils, tidyr (>= 1.0.0), purrr, broom (>= 0.7.4), rlang
(>= 0.3.1), tibble (>= 2.1.3), dplyr (>= 0.7.1), magrittr,
corrplot, tidyselect (>= 1.0.0), car, generics (>= 0.0.2)",NA,"knitr, rmarkdown, ggpubr, graphics, emmeans, coin, boot,
testthat, spelling",NA,"GPL-2",NA,NA,NA,NA,"no","4.1.0"
"rstudioapi","rstudioapi","C:/Users/elena/Documents/R/win-library/4.1","0.13",NA,NA,NA,NA,"testthat, knitr, rmarkdown, clipr",NA,"MIT + file LICENSE",NA,NA,NA,NA,"no","4.1.0"
"Rtsne","Rtsne","C:/Users/elena/Documents/R/win-library/4.1","0.15",NA,NA,"Rcpp (>= 0.11.0), stats","Rcpp","irlba, testthat",NA,"file LICENSE","yes",NA,NA,NA,"yes","4.1.0"
"RUnit","RUnit","C:/Users/elena/Documents/R/win-library/4.1","0.4.32",NA,"R (>= 2.5.0), utils (>= 2.5.0), methods (>= 2.5.0), graphics
(>= 2.5.0)",NA,NA,"XML (>= 3.1.0)",NA,"GPL-2",NA,NA,NA,NA,"no","4.1.0"
"rversions","rversions","C:/Users/elena/Documents/R/win-library/4.1","2.1.1",NA,NA,"curl, utils, xml2 (>= 1.0.0)",NA,"mockery, testthat",NA,"MIT + file LICENSE",NA,NA,NA,NA,"no","4.1.0"
"rvest","rvest","C:/Users/elena/Documents/R/win-library/4.1","1.0.1",NA,"R (>= 3.2)","httr (>= 0.5), lifecycle (>= 1.0.0), magrittr, rlang (>=
0.4.10), selectr, tibble, xml2 (>= 1.3)",NA,"covr, glue, knitr, readr, rmarkdown, repurrrsive, spelling,
stringi (>= 0.3.1), testthat (>= 3.0.2), webfakes",NA,"MIT + file LICENSE",NA,NA,NA,NA,"no","4.1.0"
"S4Vectors","S4Vectors","C:/Users/elena/Documents/R/win-library/4.1","0.30.0",NA,"R (>= 4.0.0), methods, utils, stats, stats4, BiocGenerics (>=
0.37.0)",NA,NA,"IRanges, GenomicRanges, SummarizedExperiment, Matrix,
DelayedArray, ShortRead, graph, data.table, RUnit, BiocStyle",NA,"Artistic-2.0",NA,NA,NA,NA,"yes","4.1.0"
"sass","sass","C:/Users/elena/Documents/R/win-library/4.1","0.4.0",NA,NA,"fs, rlang (>= 0.4.10), htmltools (>= 0.5.1), R6, rappdirs",NA,"testthat, knitr, rmarkdown, withr, shiny, curl",NA,"MIT + file LICENSE",NA,NA,NA,NA,"yes","4.1.0"
"scales","scales","C:/Users/elena/Documents/R/win-library/4.1","1.1.1",NA,"R (>= 3.2)","farver (>= 2.0.3), labeling, lifecycle, munsell (>= 0.5), R6,
RColorBrewer, viridisLite",NA,"bit64, covr, dichromat, ggplot2, hms (>= 0.5.0), testthat (>=
2.1.0)",NA,"MIT + file LICENSE",NA,NA,NA,NA,"no","4.1.0"
"scattermore","scattermore","C:/Users/elena/Documents/R/win-library/4.1","0.7",NA,NA,"ggplot2, scales, grid, grDevices, graphics",NA,NA,NA,"GPL (>= 3)",NA,NA,NA,NA,"yes","4.1.0"
"sctransform","sctransform","C:/Users/elena/Documents/R/win-library/4.1","0.3.2",NA,"R (>= 3.1.0)","MASS, Matrix, methods, future.apply, future, ggplot2,
reshape2, gridExtra, matrixStats","RcppArmadillo, Rcpp (>= 0.11.0)","irlba, testthat, knitr","glmGamPoi","GPL-3 | file LICENSE",NA,NA,NA,NA,"yes","4.1.0"
"selectr","selectr","C:/Users/elena/Documents/R/win-library/4.1","0.4-2",NA,"R (>= 3.0)","methods, stringr, R6",NA,"testthat, XML, xml2",NA,"BSD_3_clause + file LICENCE",NA,NA,NA,NA,"no","4.1.0"
"servr","servr","C:/Users/elena/Documents/R/win-library/4.1","0.22",NA,"R (>= 3.0.0)","mime (>= 0.2), httpuv (>= 1.5.2), xfun, jsonlite",NA,"tools, later, rstudioapi, knitr (>= 1.9), rmarkdown",NA,"GPL",NA,NA,NA,NA,"no","4.1.0"
"sessioninfo","sessioninfo","C:/Users/elena/Documents/R/win-library/4.1","1.1.1",NA,NA,"cli, tools, utils, withr",NA,"callr, covr, mockery, testthat",NA,"GPL-2",NA,NA,NA,NA,"no","4.1.0"
"Seurat","Seurat","C:/Users/elena/Documents/R/win-library/4.1","4.0.3",NA,"R (>= 4.0.0), methods","cluster, cowplot, fitdistrplus, future, future.apply, ggplot2
(>= 3.3.0), ggrepel, ggridges, graphics, grDevices, grid, httr,
ica, igraph, irlba, jsonlite, KernSmooth, leiden (>= 0.3.1),
lmtest, MASS, Matrix (>= 1.2-14), matrixStats, miniUI,
patchwork, pbapply, plotly (>= 4.9.0), png, RANN, RColorBrewer,
Rcpp, RcppAnnoy (>= 0.0.18), reticulate, rlang, ROCR, Rtsne,
scales, scattermore (>= 0.7), sctransform (>= 0.3.2),
SeuratObject (>= 4.0.2), shiny, spatstat.core, spatstat.geom,
stats, tibble, tools, utils, uwot (>= 0.1.9)","Rcpp (>= 0.11.0), RcppEigen, RcppProgress","ape, rsvd, testthat, hdf5r, S4Vectors, SummarizedExperiment,
SingleCellExperiment, MAST, DESeq2, BiocGenerics,
GenomicRanges, GenomeInfoDb, IRanges, rtracklayer, Rfast2,
monocle, Biobase, VGAM, limma, metap, enrichR, mixtools",NA,"GPL-3 | file LICENSE",NA,NA,NA,NA,"yes","4.1.0"
"SeuratObject","SeuratObject","C:/Users/elena/Documents/R/win-library/4.1","4.0.2",NA,"R (>= 4.0.0)","grDevices, grid, Matrix (>= 1.3.3), methods, Rcpp (>= 1.0.5),
rlang (>= 0.4.7), stats, tools, utils","Rcpp, RcppEigen","testthat",NA,"GPL-3",NA,NA,NA,NA,"yes","4.1.0"
"shiny","shiny","C:/Users/elena/Documents/R/win-library/4.1","1.6.0",NA,"R (>= 3.0.2), methods","utils, grDevices, httpuv (>= 1.5.2), mime (>= 0.3), jsonlite
(>= 0.9.16), xtable, digest (>= 0.6.25), htmltools (>=
0.5.0.9001), R6 (>= 2.0), sourcetools, later (>= 1.0.0),
promises (>= 1.1.0), tools, crayon, rlang (>= 0.4.9), fastmap
(>= 1.0.0), withr, commonmark (>= 1.7), glue (>= 1.3.2), bslib
(>= 0.2.2.9002), cachem, ellipsis, lifecycle (>= 0.2.0)",NA,"datasets, Cairo (>= 1.5-5), testthat (>= 2.1.1), knitr (>=
1.6), markdown, rmarkdown, ggplot2, reactlog (>= 1.0.0),
magrittr, shinytest (>= 1.4.0.9003), yaml, future, dygraphs,
ragg, showtext, sass",NA,"GPL-3 | file LICENSE",NA,NA,NA,NA,"no","4.1.0"
"shinycssloaders","shinycssloaders","C:/Users/elena/Documents/R/win-library/4.1","1.0.0",NA,"R (>= 3.1)","digest, glue, grDevices, shiny",NA,"shinydisconnect, shinyjs",NA,"MIT + file LICENSE",NA,NA,NA,NA,"no","4.1.0"
"shinyFeedback","shinyFeedback","C:/Users/elena/Documents/R/win-library/4.1","0.3.0",NA,"R (>= 3.1.2)","htmltools, jsonlite, shiny",NA,"knitr, rmarkdown",NA,"MIT + file LICENSE",NA,NA,NA,NA,"no","4.1.0"
"sitmo","sitmo","C:/Users/elena/Documents/R/win-library/4.1","2.0.1",NA,"R (>= 3.2.0)","Rcpp (>= 0.12.13)","Rcpp","knitr, rmarkdown, ggplot2",NA,"MIT + file LICENSE",NA,NA,NA,NA,"yes","4.1.0"
"sourcetools","sourcetools","C:/Users/elena/Documents/R/win-library/4.1","0.1.7",NA,"R (>= 3.0.2)",NA,NA,"testthat",NA,"MIT + file LICENSE",NA,NA,NA,NA,"yes","4.1.0"
"sp","sp","C:/Users/elena/Documents/R/win-library/4.1","1.4-5",NA,"R (>= 3.0.0), methods","utils, stats, graphics, grDevices, lattice, grid",NA,"RColorBrewer, rgdal (>= 1.2-3), rgeos (>= 0.3-13), gstat,
maptools, deldir",NA,"GPL (>= 2)",NA,NA,NA,NA,"yes","4.1.0"
"SparseM","SparseM","C:/Users/elena/Documents/R/win-library/4.1","1.81",NA,"R (>= 2.15), methods","graphics, stats, utils",NA,NA,NA,"GPL (>= 2)",NA,NA,NA,NA,"yes","4.1.0"
"spatstat.core","spatstat.core","C:/Users/elena/Documents/R/win-library/4.1","2.3-0",NA,"R (>= 3.5.0), spatstat.data (>= 2.1-0), spatstat.geom (>=
2.2-0.003), stats, graphics, grDevices, utils, methods, nlme,
rpart","spatstat.utils (>= 2.2-0), spatstat.sparse (>= 2.0-0), mgcv,
Matrix, abind, tensor, goftest (>= 1.2-2)",NA,"sm, maptools (>= 0.9-9), gsl, locfit, spatial, RandomFields
(>= 3.1.24.1), RandomFieldsUtils(>= 0.3.3.1), fftwtools (>=
0.9-8), nleqslv, spatstat.linnet (>= 2.0-0), spatstat (>=
2.0-0)",NA,"GPL (>= 2)",NA,NA,NA,NA,"yes","4.1.0"
"spatstat.data","spatstat.data","C:/Users/elena/Documents/R/win-library/4.1","2.1-0",NA,"R (>= 3.5.0)","spatstat.utils (>= 2.1-0), Matrix",NA,"spatstat.geom, spatstat.core, spatstat.linnet",NA,"GPL (>= 2)",NA,NA,NA,NA,"no","4.1.0"
"spatstat.geom","spatstat.geom","C:/Users/elena/Documents/R/win-library/4.1","2.2-2",NA,"R (>= 3.5.0), spatstat.data (>= 2.0), stats, graphics,
grDevices, utils, methods","spatstat.utils (>= 2.2-0), deldir (>= 0.0-21), polyclip (>=
1.10-0)",NA,"spatstat.core, spatstat.linnet, maptools (>= 0.9-9), spatial,
fftwtools (>= 0.9-8), spatstat (>= 2.0)",NA,"GPL (>= 2)",NA,NA,NA,NA,"yes","4.1.0"
"spatstat.sparse","spatstat.sparse","C:/Users/elena/Documents/R/win-library/4.1","2.0-0",NA,"R (>= 3.5.0), stats, utils, methods, Matrix, abind, tensor","spatstat.utils (>= 2.1-0)",NA,NA,NA,"GPL (>= 2)",NA,NA,NA,NA,"yes","4.1.0"
"spatstat.utils","spatstat.utils","C:/Users/elena/Documents/R/win-library/4.1","2.2-0",NA,"R (>= 3.3.0), stats, graphics, grDevices, utils, methods",NA,NA,"spatstat.core",NA,"GPL (>= 2)",NA,NA,NA,NA,"yes","4.1.0"
"stringi","stringi","C:/Users/elena/Documents/R/win-library/4.1","1.7.3",NA,"R (>= 3.1)","tools, utils, stats",NA,NA,NA,"file LICENSE","yes",NA,NA,NA,"yes","4.1.0"
"stringr","stringr","C:/Users/elena/Documents/R/win-library/4.1","1.4.0",NA,"R (>= 3.1)","glue (>= 1.2.0), magrittr, stringi (>= 1.1.7)",NA,"covr, htmltools, htmlwidgets, knitr, rmarkdown, testthat",NA,"GPL-2 | file LICENSE",NA,NA,NA,NA,"no","4.1.0"
"svglite","svglite","C:/Users/elena/Documents/R/win-library/4.1","2.0.0",NA,"R (>= 3.0.0)","systemfonts (>= 1.0.0)","cpp11, systemfonts","htmltools, testthat, xml2 (>= 1.0.0), covr, fontquiver (>=
0.2.0), knitr, rmarkdown",NA,"GPL (>= 2)",NA,NA,NA,NA,"yes","4.1.0"
"sys","sys","C:/Users/elena/Documents/R/win-library/4.1","3.4",NA,NA,NA,NA,"unix (>= 1.4), spelling, testthat",NA,"MIT + file LICENSE",NA,NA,NA,NA,"yes","4.1.0"
"systemfonts","systemfonts","C:/Users/elena/Documents/R/win-library/4.1","1.0.2",NA,"R (>= 3.2.0)",NA,"cpp11 (>= 0.2.1)","testthat (>= 2.1.0), covr, knitr, rmarkdown, tools",NA,"MIT + file LICENSE",NA,NA,NA,NA,"yes","4.1.0"
"tensor","tensor","C:/Users/elena/Documents/R/win-library/4.1","1.5",NA,NA,NA,NA,NA,NA,"GPL (>= 2)",NA,NA,NA,NA,NA,"4.1.0"
"testthat","testthat","C:/Users/elena/Documents/R/win-library/4.1","3.0.4",NA,"R (>= 3.1)","brio, callr (>= 3.5.1), cli (>= 2.2.0), crayon (>= 1.3.4),
desc, digest, ellipsis (>= 0.2.0), evaluate, jsonlite,
lifecycle, magrittr, methods, pkgload, praise, processx, ps (>=
1.3.4), R6 (>= 2.2.0), rlang (>= 0.4.9), utils, waldo (>=
0.2.4), withr (>= 2.3.0)",NA,"covr, curl (>= 0.9.5), diffviewer (>= 0.1.0), knitr, mockery,
rmarkdown, rstudioapi, shiny, usethis, vctrs (>= 0.1.0), xml2",NA,"MIT + file LICENSE",NA,NA,NA,NA,"yes","4.1.0"
"tibble","tibble","C:/Users/elena/Documents/R/win-library/4.1","3.1.3",NA,"R (>= 3.1.0)","ellipsis (>= 0.3.2), fansi (>= 0.4.0), lifecycle (>= 0.2.0),
magrittr, methods, pillar (>= 1.6.0), pkgconfig, rlang (>=
0.4.3), utils, vctrs (>= 0.3.8)",NA,"bench, bit64, blob, cli, covr, crayon (>= 1.3.4), DiagrammeR,
dplyr, evaluate, formattable, ggplot2, hms, htmltools, knitr,
lubridate, mockr, nycflights13, purrr, rmarkdown, testthat (>=
3.0.2), tidyr, withr",NA,"MIT + file LICENSE",NA,NA,NA,NA,"yes","4.1.0"
"tidyr","tidyr","C:/Users/elena/Documents/R/win-library/4.1","1.1.3",NA,"R (>= 3.1)","dplyr (>= 0.8.2), ellipsis (>= 0.1.0), glue, lifecycle,
magrittr, purrr, rlang, tibble (>= 2.1.1), tidyselect (>=
1.1.0), utils, vctrs (>= 0.3.6)","cpp11 (>= 0.2.6)","covr, data.table, jsonlite, knitr, readr, repurrrsive (>=
1.0.0), rmarkdown, testthat (>= 3.0.0)",NA,"MIT + file LICENSE",NA,NA,NA,NA,"yes","4.1.0"
"tidyselect","tidyselect","C:/Users/elena/Documents/R/win-library/4.1","1.1.1",NA,"R (>= 3.2)","ellipsis, glue (>= 1.3.0), purrr (>= 0.3.2), rlang (>= 0.4.6),
vctrs (>= 0.3.0)",NA,"covr, crayon, dplyr, knitr, magrittr, rmarkdown, testthat (>=
2.3.0), tibble (>= 2.1.3), withr",NA,"MIT + file LICENSE",NA,NA,NA,NA,"yes","4.1.0"
"tidyverse","tidyverse","C:/Users/elena/Documents/R/win-library/4.1","1.3.1",NA,"R (>= 3.3)","broom (>= 0.7.6), cli (>= 2.4.0), crayon (>= 1.4.1), dbplyr
(>= 2.1.1), dplyr (>= 1.0.5), dtplyr (>= 1.1.0), forcats (>=
0.5.1), googledrive (>= 1.0.1), googlesheets4 (>= 0.3.0),
ggplot2 (>= 3.3.3), haven (>= 2.3.1), hms (>= 1.0.0), httr (>=
1.4.2), jsonlite (>= 1.7.2), lubridate (>= 1.7.10), magrittr
(>= 2.0.1), modelr (>= 0.1.8), pillar (>= 1.6.0), purrr (>=
0.3.4), readr (>= 1.4.0), readxl (>= 1.3.1), reprex (>= 2.0.0),
rlang (>= 0.4.10), rstudioapi (>= 0.13), rvest (>= 1.0.0),
stringr (>= 1.4.0), tibble (>= 3.1.0), tidyr (>= 1.1.3), xml2
(>= 1.3.2)",NA,"covr, feather, glue, knitr, rmarkdown, testthat",NA,"MIT + file LICENSE",NA,NA,NA,NA,"no","4.1.0"
"tinytex","tinytex","C:/Users/elena/Documents/R/win-library/4.1","0.32",NA,NA,"xfun (>= 0.23)",NA,"testit, rstudioapi",NA,"MIT + file LICENSE",NA,NA,NA,NA,"no","4.1.0"
"tmvnsim","tmvnsim","C:/Users/elena/Documents/R/win-library/4.1","1.0-2",NA,NA,NA,NA,NA,NA,"GPL-2",NA,NA,NA,NA,"yes","4.1.0"
"tweenr","tweenr","C:/Users/elena/Documents/R/win-library/4.1","1.0.2",NA,"R (>= 3.2.0)","Rcpp (>= 0.12.3), grDevices, farver, magrittr, rlang","Rcpp","testthat, covr",NA,"MIT + file LICENSE",NA,NA,NA,NA,"yes","4.1.0"
"tzdb","tzdb","C:/Users/elena/Documents/R/win-library/4.1","0.1.2",NA,"R (>= 3.3)",NA,"cpp11 (>= 0.2.7)","covr, testthat (>= 3.0.0)",NA,"MIT + file LICENSE",NA,NA,NA,NA,"yes","4.1.0"
"usethis","usethis","C:/Users/elena/Documents/R/win-library/4.1","2.0.1",NA,"R (>= 3.2)","cli, clipr (>= 0.3.0), crayon, curl (>= 2.7), desc, fs (>=
1.3.0), gert (>= 1.0.2), gh (>= 1.2.0), glue (>= 1.3.0),
jsonlite, lifecycle, purrr, rappdirs, rlang (>= 0.4.10),
rprojroot (>= 1.2), rstudioapi, stats, utils, whisker, withr
(>= 2.3.0), yaml",NA,"covr, knitr, magick, mockr, rmarkdown, roxygen2, spelling (>=
1.2), styler (>= 1.2.0), testthat (>= 3.0.0)",NA,"MIT + file LICENSE",NA,NA,NA,NA,"no","4.1.0"
"utf8","utf8","C:/Users/elena/Documents/R/win-library/4.1","1.2.2",NA,"R (>= 2.10)",NA,NA,"cli, covr, knitr, rlang, rmarkdown, testthat (>= 3.0.0),
withr",NA,"Apache License (== 2.0) | file LICENSE",NA,NA,NA,NA,"yes","4.1.0"
"uuid","uuid","C:/Users/elena/Documents/R/win-library/4.1","0.1-4",NA,"R (>= 2.9.0)",NA,NA,NA,NA,"MIT + file LICENSE",NA,NA,NA,NA,"yes","4.1.0"
"uwot","uwot","C:/Users/elena/Documents/R/win-library/4.1","0.1.10",NA,"Matrix","Rcpp, methods, FNN, RSpectra, RcppAnnoy (>= 0.0.17), irlba","Rcpp, RcppProgress, RcppAnnoy, dqrng","testthat, covr",NA,"GPL (>= 3)",NA,NA,NA,NA,"yes","4.1.0"
"vctrs","vctrs","C:/Users/elena/Documents/R/win-library/4.1","0.3.8",NA,"R (>= 3.3)","ellipsis (>= 0.2.0), glue, rlang (>= 0.4.10)",NA,"bit64, covr, crayon, dplyr (>= 0.8.5), generics, knitr,
pillar (>= 1.4.4), pkgdown, rmarkdown, testthat (>= 2.3.0),
tibble, withr, xml2, waldo (>= 0.2.0), zeallot",NA,"MIT + file LICENSE",NA,NA,NA,NA,"yes","4.1.0"
"viridisLite","viridisLite","C:/Users/elena/Documents/R/win-library/4.1","0.4.0",NA,"R (>= 2.10)",NA,NA,"hexbin (>= 1.27.0), ggplot2 (>= 1.0.1), testthat, covr",NA,"MIT + file LICENSE",NA,NA,NA,NA,"no","4.1.0"
"vroom","vroom","C:/Users/elena/Documents/R/win-library/4.1","1.5.3",NA,"R (>= 3.1)","bit64, crayon, cli, glue, hms, lifecycle, methods, rlang (>=
0.4.2), stats, tibble (>= 2.0.0), tzdb (>= 0.1.1), vctrs (>=
0.2.0), tidyselect, withr","progress (>= 1.2.1), cpp11 (>= 0.2.0), tzdb (>= 0.1.1)","archive, bench (>= 1.1.0), covr, curl, dplyr, forcats, fs,
ggplot2, knitr, patchwork, prettyunits, purrr, rmarkdown,
rstudioapi, scales, spelling, testthat (>= 2.1.0), tidyr,
waldo, xml2",NA,"MIT + file LICENSE",NA,NA,NA,NA,"yes","4.1.0"
"waiter","waiter","C:/Users/elena/Documents/R/win-library/4.1","0.2.3",NA,NA,"R6, shiny, htmltools",NA,"knitr, packer, rmarkdown",NA,"MIT + file LICENSE",NA,NA,NA,NA,"no","4.1.0"
"waldo","waldo","C:/Users/elena/Documents/R/win-library/4.1","0.2.5",NA,NA,"cli, diffobj, fansi, glue, methods, rematch2, rlang (>=
0.4.10), tibble",NA,"testthat (>= 3.0.0), covr, R6",NA,"MIT + file LICENSE",NA,NA,NA,NA,"no","4.1.0"
"webshot","webshot","C:/Users/elena/Documents/R/win-library/4.1","0.5.2",NA,"R (>= 3.0)","magrittr, jsonlite, callr",NA,"httpuv, knitr, rmarkdown, shiny",NA,"GPL-2",NA,NA,NA,NA,"no","4.1.0"
"websocket","websocket","C:/Users/elena/Documents/R/win-library/4.1","1.4.0",NA,NA,"R6, later (>= 1.2.0)","cpp11, AsioHeaders, later","httpuv, testthat, knitr, rmarkdown",NA,"GPL-2",NA,NA,NA,NA,"yes","4.1.0"
"whisker","whisker","C:/Users/elena/Documents/R/win-library/4.1","0.4",NA,NA,NA,NA,"markdown",NA,"GPL-3",NA,NA,NA,NA,"no","4.1.0"
"withr","withr","C:/Users/elena/Documents/R/win-library/4.1","2.4.2",NA,"R (>= 3.2.0)","graphics, grDevices, stats",NA,"covr, DBI, knitr, lattice, methods, rmarkdown, RSQLite,
testthat (>= 2.1.0)",NA,"MIT + file LICENSE",NA,NA,NA,NA,"no","4.1.0"
"xfun","xfun","C:/Users/elena/Documents/R/win-library/4.1","0.24",NA,NA,"stats, tools",NA,"testit, parallel, codetools, rstudioapi, tinytex (>= 0.30),
mime, markdown, knitr, htmltools, remotes, pak, renv, curl,
jsonlite, rmarkdown",NA,"MIT + file LICENSE",NA,NA,NA,NA,"yes","4.1.0"
"xlsx","xlsx","C:/Users/elena/Documents/R/win-library/4.1","0.6.5",NA,NA,"rJava, xlsxjars, grDevices, utils",NA,"rprojroot, testthat, covr, tibble, knitr, rmarkdown",NA,"GPL-3",NA,NA,NA,NA,"no","4.1.0"
"xlsxjars","xlsxjars","C:/Users/elena/Documents/R/win-library/4.1","0.6.1",NA,"rJava",NA,NA,NA,NA,"GPL-3",NA,NA,NA,NA,"no","4.1.0"
"XML","XML","C:/Users/elena/Documents/R/win-library/4.1","3.99-0.6",NA,"R (>= 4.0.0), methods, utils",NA,NA,"bitops, RCurl",NA,"BSD_3_clause + file LICENSE",NA,NA,NA,NA,"yes","4.1.0"
"xml2","xml2","C:/Users/elena/Documents/R/win-library/4.1","1.3.2",NA,"R (>= 3.1.0)","methods",NA,"covr, curl, httr, knitr, magrittr, mockery, rmarkdown,
testthat (>= 2.1.0)",NA,"GPL (>= 2)",NA,NA,NA,NA,"yes","4.1.0"
"xopen","xopen","C:/Users/elena/Documents/R/win-library/4.1","1.0.0",NA,"R (>= 3.1)","processx",NA,"ps, testthat",NA,"MIT + file LICENSE",NA,NA,NA,NA,"no","4.1.0"
"xtable","xtable","C:/Users/elena/Documents/R/win-library/4.1","1.8-4",NA,"R (>= 2.10.0)","stats, utils",NA,"knitr, plm, zoo, survival",NA,"GPL (>= 2)",NA,NA,NA,NA,"no","4.1.0"
"yaml","yaml","C:/Users/elena/Documents/R/win-library/4.1","2.2.1",NA,NA,NA,NA,"RUnit",NA,"BSD_3_clause + file LICENSE",NA,NA,NA,NA,"yes","4.1.0"
"zeallot","zeallot","C:/Users/elena/Documents/R/win-library/4.1","0.1.0",NA,NA,NA,NA,"testthat, knitr, rmarkdown, purrr, magrittr",NA,"MIT + file LICENSE",NA,NA,NA,NA,"no","4.1.0"
"zip","zip","C:/Users/elena/Documents/R/win-library/4.1","2.2.0",NA,NA,NA,NA,"covr, processx, R6, testthat, withr",NA,"MIT + file LICENSE",NA,NA,NA,NA,"yes","4.1.0"
"zlibbioc","zlibbioc","C:/Users/elena/Documents/R/win-library/4.1","1.38.0",NA,NA,NA,NA,NA,NA,"Artistic-2.0 + file LICENSE",NA,NA,NA,NA,"yes","4.1.0"
"zoo","zoo","C:/Users/elena/Documents/R/win-library/4.1","1.8-9",NA,"R (>= 3.1.0), stats","utils, graphics, grDevices, lattice (>= 0.20-27)",NA,"AER, coda, chron, fts, ggplot2 (>= 3.0.0), mondate, scales,
stinepack, strucchange, timeDate, timeSeries, tis, tseries, xts",NA,"GPL-2 | GPL-3",NA,NA,NA,NA,"yes","4.1.0"
"base","base","C:/Program Files/R/R-4.1.0/library","4.1.0","base",NA,NA,NA,"methods",NA,"Part of R 4.1.0",NA,NA,NA,NA,NA,"4.1.0"
"boot","boot","C:/Program Files/R/R-4.1.0/library","1.3-28","recommended","R (>= 3.0.0), graphics, stats",NA,NA,"MASS, survival",NA,"Unlimited",NA,NA,NA,NA,"no","4.1.0"
"class","class","C:/Program Files/R/R-4.1.0/library","7.3-19","recommended","R (>= 3.0.0), stats, utils","MASS",NA,NA,NA,"GPL-2 | GPL-3",NA,NA,NA,NA,"yes","4.1.0"
"cluster","cluster","C:/Program Files/R/R-4.1.0/library","2.1.2","recommended","R (>= 3.4.0)","graphics, grDevices, stats, utils",NA,"MASS, Matrix",NA,"GPL (>= 2)",NA,NA,NA,NA,"yes","4.1.0"
"codetools","codetools","C:/Program Files/R/R-4.1.0/library","0.2-18","recommended","R (>= 2.1)",NA,NA,NA,NA,"GPL",NA,NA,NA,NA,"no","4.1.0"
"compiler","compiler","C:/Program Files/R/R-4.1.0/library","4.1.0","base",NA,NA,NA,NA,NA,"Part of R 4.1.0",NA,NA,NA,NA,NA,"4.1.0"
"datasets","datasets","C:/Program Files/R/R-4.1.0/library","4.1.0","base",NA,NA,NA,NA,NA,"Part of R 4.1.0",NA,NA,NA,NA,NA,"4.1.0"
"foreign","foreign","C:/Program Files/R/R-4.1.0/library","0.8-81","recommended","R (>= 4.0.0)","methods, utils, stats",NA,NA,NA,"GPL (>= 2)",NA,NA,NA,NA,"yes","4.1.0"
"graphics","graphics","C:/Program Files/R/R-4.1.0/library","4.1.0","base",NA,"grDevices",NA,NA,NA,"Part of R 4.1.0",NA,NA,NA,NA,"yes","4.1.0"
"grDevices","grDevices","C:/Program Files/R/R-4.1.0/library","4.1.0","base",NA,NA,NA,"KernSmooth",NA,"Part of R 4.1.0",NA,NA,NA,NA,"yes","4.1.0"
"grid","grid","C:/Program Files/R/R-4.1.0/library","4.1.0","base",NA,"grDevices, utils",NA,"lattice",NA,"Part of R 4.1.0",NA,NA,NA,NA,"yes","4.1.0"
"KernSmooth","KernSmooth","C:/Program Files/R/R-4.1.0/library","2.23-20","recommended","R (>= 2.5.0), stats",NA,NA,"MASS, carData",NA,"Unlimited",NA,NA,NA,NA,"yes","4.1.0"
"lattice","lattice","C:/Program Files/R/R-4.1.0/library","0.20-44","recommended","R (>= 3.0.0)","grid, grDevices, graphics, stats, utils",NA,"KernSmooth, MASS, latticeExtra","chron","GPL (>= 2)",NA,NA,NA,NA,"yes","4.1.0"
"MASS","MASS","C:/Program Files/R/R-4.1.0/library","7.3-54","recommended","R (>= 3.3.0), grDevices, graphics, stats, utils","methods",NA,"lattice, nlme, nnet, survival",NA,"GPL-2 | GPL-3",NA,NA,NA,NA,"yes","4.1.0"
"Matrix.1","Matrix","C:/Program Files/R/R-4.1.0/library","1.3-3","recommended","R (>= 3.5.0)","methods, graphics, grid, stats, utils, lattice",NA,"expm, MASS","MatrixModels, graph, SparseM, sfsmisc, igraph, maptools, sp,
spdep","GPL (>= 2) | file LICENCE",NA,NA,NA,NA,"yes","4.1.0"
"methods","methods","C:/Program Files/R/R-4.1.0/library","4.1.0","base",NA,"utils, stats",NA,"codetools",NA,"Part of R 4.1.0",NA,NA,NA,NA,"yes","4.1.0"
"mgcv.1","mgcv","C:/Program Files/R/R-4.1.0/library","1.8-35","recommended","R (>= 3.6.0), nlme (>= 3.1-64)","methods, stats, graphics, Matrix, splines, utils",NA,"parallel, survival, MASS",NA,"GPL (>= 2)",NA,NA,NA,NA,"yes","4.1.0"
"nlme","nlme","C:/Program Files/R/R-4.1.0/library","3.1-152","recommended","R (>= 3.4.0)","graphics, stats, utils, lattice",NA,"Hmisc, MASS",NA,"GPL (>= 2) | file LICENCE",NA,NA,NA,NA,"yes","4.1.0"
"nnet","nnet","C:/Program Files/R/R-4.1.0/library","7.3-16","recommended","R (>= 3.0.0), stats, utils",NA,NA,"MASS",NA,"GPL-2 | GPL-3",NA,NA,NA,NA,"yes","4.1.0"
"parallel","parallel","C:/Program Files/R/R-4.1.0/library","4.1.0","base",NA,"tools, compiler",NA,"methods","snow, nws, Rmpi","Part of R 4.1.0",NA,NA,NA,NA,"yes","4.1.0"
"rpart","rpart","C:/Program Files/R/R-4.1.0/library","4.1-15","recommended","R (>= 2.15.0), graphics, stats, grDevices",NA,NA,"survival",NA,"GPL-2 | GPL-3",NA,NA,NA,NA,"yes","4.1.0"
"spatial","spatial","C:/Program Files/R/R-4.1.0/library","7.3-14","recommended","R (>= 3.0.0), graphics, stats, utils",NA,NA,"MASS",NA,"GPL-2 | GPL-3",NA,NA,NA,NA,"yes","4.1.0"
"splines","splines","C:/Program Files/R/R-4.1.0/library","4.1.0","base",NA,"graphics, stats",NA,"Matrix, methods",NA,"Part of R 4.1.0",NA,NA,NA,NA,"yes","4.1.0"
"stats","stats","C:/Program Files/R/R-4.1.0/library","4.1.0","base",NA,"utils, grDevices, graphics",NA,"MASS, Matrix, SuppDists, methods, stats4",NA,"Part of R 4.1.0",NA,NA,NA,NA,"yes","4.1.0"
"stats4","stats4","C:/Program Files/R/R-4.1.0/library","4.1.0","base",NA,"graphics, methods, stats",NA,NA,NA,"Part of R 4.1.0",NA,NA,NA,NA,NA,"4.1.0"
"survival","survival","C:/Program Files/R/R-4.1.0/library","3.2-11","recommended","R (>= 3.5.0)","graphics, Matrix, methods, splines, stats, utils",NA,NA,NA,"LGPL (>= 2)",NA,NA,NA,NA,"yes","4.1.0"
"tcltk","tcltk","C:/Program Files/R/R-4.1.0/library","4.1.0","base",NA,"utils",NA,NA,NA,"Part of R 4.1.0",NA,NA,NA,NA,"yes","4.1.0"
"tools","tools","C:/Program Files/R/R-4.1.0/library","4.1.0","base",NA,NA,NA,"codetools, methods, xml2, curl, commonmark",NA,"Part of R 4.1.0",NA,NA,NA,NA,"yes","4.1.0"
"translations","translations","C:/Program Files/R/R-4.1.0/library","4.1.0",NA,NA,NA,NA,NA,NA,"Part of R 4.1.0",NA,NA,NA,NA,NA,"4.1.0"
"utils","utils","C:/Program Files/R/R-4.1.0/library","4.1.0","base",NA,NA,NA,"methods, xml2, commonmark",NA,"Part of R 4.1.0",NA,NA,NA,NA,"yes","4.1.0"
